program,branch,institute,campus,instructor
Historia del Arte,Artes y Humanidades,Facultad de Filosofia y Letras,Cartuja,17.825.715
Historia del Arte,Artes y Humanidades,Facultad de Filosofia y Letras,Cartuja,10.052.422
Ingenieria Quimica,Ingenieria y Arquitectura,Facultad de Ciencias,Fuentenueva,99.637.751
Bellas Artes,Artes y Humanidades,Facultad de Bellas Artes,Aynadamar,38.747.228
Relaciones Laborales y Recursos Humanos,Ciencias Sociales y Juridicas,Facultad de Ciencias del Trabajo,Centro,14.053.521
Odontologia,Ciencias de la Salud,Facultad de Odontologia,Cartuja,54.367.739
Ciencias Ambientales,Ciencias,Facultad de Ciencias,Fuentenueva,60.825.804
Economia,Ciencias Sociales y Juridicas,Facultad de Ciencias Economicas y Empresariales,Cartuja,25.619.271
Gestion y Administracion Publica,Ciencias Sociales y Juridicas,Facultad de Ciencias Sociales de Melilla,Melilla,94.869.327
Comunicacion Audiovisual,Ciencias Sociales y Juridicas,Facultad de Comunicacion y Documentacion,Cartuja,45.683.938
Literaturas Comparadas,Artes y Humanidades,Facultad de Filosofia y Letras,Cartuja,73.836.008
Arqueologia,Artes y Humanidades,Facultad de Filosofia y Letras,Cartuja,51.718.656
Arquitectura,Ingenieria y Arquitectura,Facultad de Arquitectura,Aynadamar,29.000.562
Logopedia,Ciencias de la Salud,Facultad de Psicologia,Cartuja,36.594.852
Estudios Ingleses,Artes y Humanidades,Facultad de Filosofia y Letras,Cartuja,07.329.684
Optica y Optometria,Ciencias,Facultad de Ciencias,Fuentenueva,67.719.616
Historia y Ciencias de la Musica,Artes y Humanidades,Facultad de Filosofia y Letras,Cartuja,56.489.533
Odontologia,Ciencias de la Salud,Facultad de Odontologia,Cartuja,03.061.213
Filologia Clasica,Artes y Humanidades,Facultad de Filosofia y Letras,Cartuja,36.565.068
Ingenieria Informatica y Matematicas,Ciencias,Facultad de Ciencias,Aynadamar,06.982.732
Ingenieria Electronica Industrial,Ingenieria y Arquitectura,Facultad de Ciencias,Fuentenueva,40.611.136
Ingenieria Informatica y Matematicas,Ciencias,Facultad de Ciencias,Aynadamar,97.076.155
Logopedia,Ciencias de la Salud,Facultad de Psicologia,Cartuja,11.831.160
Criminologia,Ciencias Sociales y Juridicas,Facultad de Derecho,Centro,39.250.226
Nutricion Humana y Dietetica,Ciencias de la Salud,Facultad de Farmacia,Cartuja,69.254.346
Filosofia,Artes y Humanidades,Facultad de Filosofia y Letras,Cartuja,75.165.179
Ciencias de la Actividad Fisica y del Deporte,Ciencias Sociales y Juridicas,Facultad de Ciencias del Deporte,Cartuja,07.954.875
Marketing e Investigacion de Mercados,Ciencias Sociales y Juridicas,Facultad de Ciencias Economicas y Empresariales,Cartuja,03.837.678
Estudios arabes e Islamicos,Artes y Humanidades,Facultad de Filosofia y Letras,Cartuja,81.274.483
Filologia Clasica,Artes y Humanidades,Facultad de Filosofia y Letras,Cartuja,84.261.747
Comunicacion Audiovisual,Ciencias Sociales y Juridicas,Facultad de Comunicacion y Documentacion,Cartuja,81.274.483
Traduccion e Interpretacion,Artes y Humanidades,Facultad de Traduccion e Interpretacion,Centro,25.619.271
Estadistica,Ciencias,Facultad de Ciencias,Fuentenueva,03.061.213
Literaturas Comparadas,Artes y Humanidades,Facultad de Filosofia y Letras,Cartuja,38.747.228
Quimica,Ciencias,Facultad de Ciencias,Fuentenueva,10.052.422
Filologia Clasica,Artes y Humanidades,Facultad de Filosofia y Letras,Cartuja,45.683.938
Filologia Hispanica,Artes y Humanidades,Facultad de Filosofia y Letras,Cartuja,54.367.739
Historia,Artes y Humanidades,Facultad de Filosofia y Letras,Cartuja,39.250.226
Filologia Hispanica,Artes y Humanidades,Facultad de Filosofia y Letras,Cartuja,73.836.008
Antropologia Social y Cultural,Ciencias Sociales y Juridicas,Facultad de Filosofia y Letras,Cartuja,07.954.875
Marketing e Investigacion de Mercados,Ciencias Sociales y Juridicas,Facultad de Ciencias Economicas y Empresariales,Cartuja,17.825.715
Antropologia Social y Cultural,Ciencias Sociales y Juridicas,Facultad de Filosofia y Letras,Cartuja,14.053.521
Medicina,Ciencias de la Salud,Facultad de Medicina,Centro,60.825.804
Estudios Franceses,Artes y Humanidades,Facultad de Filosofia y Letras,Cartuja,94.869.327
Marketing e Investigacion de Mercados,Ciencias Sociales y Juridicas,Facultad de Ciencias Economicas y Empresariales,Cartuja,56.489.533
Derecho,Ciencias Sociales y Juridicas,Facultad de Derecho,Centro,36.565.068
Estudios arabes e Islamicos,Artes y Humanidades,Facultad de Filosofia y Letras,Cartuja,69.254.346
Odontologia,Ciencias de la Salud,Facultad de Odontologia,Cartuja,11.831.160
Geografia y Gestion del Territorio,Ciencias Sociales y Juridicas,Facultad de Filosofia y Letras,Cartuja,84.261.747
Ingenieria Quimica,Ingenieria y Arquitectura,Facultad de Ciencias,Fuentenueva,36.594.852
Arqueologia,Artes y Humanidades,Facultad de Filosofia y Letras,Cartuja,45.683.938
Matematicas,Ciencias,Facultad de Ciencias,Fuentenueva,69.254.346
Ciencias de la Actividad Fisica y del Deporte,Ciencias Sociales y Juridicas,Facultad de Ciencias del Deporte,Cartuja,56.489.533
Enfermeria,Ciencias de la Salud,Facultad de Ciencias de la Salud,Centro,67.719.616
Comunicacion Audiovisual,Ciencias Sociales y Juridicas,Facultad de Comunicacion y Documentacion,Cartuja,25.619.271
Terapia Ocupacional,Ciencias de la Salud,Facultad de Ciencias de la Salud,Centro,97.076.155
Bioquimica,Ciencias,Facultad de Ciencias,Fuentenueva,81.274.483
Ingenieria Quimica,Ingenieria y Arquitectura,Facultad de Ciencias,Fuentenueva,40.611.136
Psicologia,Ciencias de la Salud,Facultad de Psicologia,Cartuja,06.982.732
Medicina,Ciencias de la Salud,Facultad de Medicina,Centro,39.250.226
Trabajo Social,Ciencias Sociales y Juridicas,Facultad de Trabajo Social,Centro,07.954.875
Relaciones Laborales y Recursos Humanos,Ciencias Sociales y Juridicas,Facultad de Ciencias del Trabajo,Centro,11.831.160
Turismo,Ciencias Sociales y Juridicas,Facultad de Ciencias Economicas y Empresariales,Cartuja,75.165.179
Bellas Artes,Artes y Humanidades,Facultad de Bellas Artes,Aynadamar,10.052.422
Farmacia,Ciencias de la Salud,Facultad de Farmacia,Cartuja,36.565.068
Nutricion Humana y Dietetica,Ciencias de la Salud,Facultad de Farmacia,Cartuja,54.367.739
Comunicacion Audiovisual,Ciencias Sociales y Juridicas,Facultad de Comunicacion y Documentacion,Cartuja,51.718.656
Ingenieria Quimica,Ingenieria y Arquitectura,Facultad de Ciencias,Fuentenueva,36.594.852
Arqueologia,Artes y Humanidades,Facultad de Filosofia y Letras,Cartuja,29.000.562
Trabajo Social,Ciencias Sociales y Juridicas,Facultad de Trabajo Social,Centro,38.747.228
Sociologia,Ciencias Sociales y Juridicas,Facultad de Ciencias Politicas y Sociologia,Centro,60.825.804
Nutricion Humana y Dietetica,Ciencias de la Salud,Facultad de Farmacia,Cartuja,94.869.327
Geologia,Ciencias,Facultad de Ciencias,Fuentenueva,03.061.213
Ingenieria Electronica Industrial,Ingenieria y Arquitectura,Facultad de Ciencias,Fuentenueva,17.825.715
Economia,Ciencias Sociales y Juridicas,Facultad de Ciencias Economicas y Empresariales,Cartuja,84.261.747
Antropologia Social y Cultural,Ciencias Sociales y Juridicas,Facultad de Filosofia y Letras,Cartuja,07.329.684
Optica y Optometria,Ciencias,Facultad de Ciencias,Fuentenueva,03.837.678
Bioquimica,Ciencias,Facultad de Ciencias,Fuentenueva,99.637.751
Psicologia,Ciencias de la Salud,Facultad de Psicologia,Cartuja,73.836.008
Fisioterapia,Ciencias de la Salud,Facultad de Ciencias de la Salud,Centro,14.053.521
Enfermeria,Ciencias de la Salud,Facultad de Ciencias de la Salud,Centro,36.594.852
Bellas Artes,Artes y Humanidades,Facultad de Bellas Artes,Aynadamar,17.825.715
Ciencias Ambientales,Ciencias,Facultad de Ciencias,Fuentenueva,39.250.226
Bioquimica,Ciencias,Facultad de Ciencias,Fuentenueva,03.061.213
Derecho,Ciencias Sociales y Juridicas,Facultad de Derecho,Centro,10.052.422
Ciencia y Tecnologia de los Alimentos,Ciencias,Facultad de Farmacia,Cartuja,73.836.008
Medicina,Ciencias de la Salud,Facultad de Medicina,Centro,60.825.804
Fisioterapia,Ciencias de la Salud,Facultad de Ciencias de la Salud,Centro,94.869.327
Medicina,Ciencias de la Salud,Facultad de Medicina,Centro,25.619.271
Marketing e Investigacion de Mercados,Ciencias Sociales y Juridicas,Facultad de Ciencias Economicas y Empresariales,Cartuja,07.954.875
Marketing e Investigacion de Mercados,Ciencias Sociales y Juridicas,Facultad de Ciencias Economicas y Empresariales,Cartuja,11.831.160
Derecho,Ciencias Sociales y Juridicas,Facultad de Derecho,Centro,81.274.483
Pedagogia,Ciencias Sociales y Juridicas,Facultad de Ciencias de la Educacion,Cartuja,29.000.562
Informacion y Documentacion,Ciencias Sociales y Juridicas,Facultad de Comunicacion y Documentacion,Cartuja,84.261.747
Farmacia,Ciencias de la Salud,Facultad de Farmacia,Cartuja,38.747.228
Farmacia,Ciencias de la Salud,Facultad de Farmacia,Cartuja,99.637.751
Historia,Artes y Humanidades,Facultad de Filosofia y Letras,Cartuja,40.611.136
Arqueologia,Artes y Humanidades,Facultad de Filosofia y Letras,Cartuja,54.367.739
Farmacia,Ciencias de la Salud,Facultad de Farmacia,Cartuja,45.683.938
Ciencias de la Actividad Fisica y del Deporte,Ciencias Sociales y Juridicas,Facultad de Ciencias del Deporte,Cartuja,56.489.533
Ingenieria Quimica,Ingenieria y Arquitectura,Facultad de Ciencias,Fuentenueva,97.076.155
Ingenieria Informatica y Matematicas,Ciencias,Facultad de Ciencias,Aynadamar,84.261.747
Ingenieria Electronica Industrial,Ingenieria y Arquitectura,Facultad de Ciencias,Fuentenueva,25.619.271
Marketing e Investigacion de Mercados,Ciencias Sociales y Juridicas,Facultad de Ciencias Economicas y Empresariales,Cartuja,10.052.422
Odontologia,Ciencias de la Salud,Facultad de Odontologia,Cartuja,11.831.160
Derecho,Ciencias Sociales y Juridicas,Facultad de Derecho,Centro,99.637.751
Trabajo Social,Ciencias Sociales y Juridicas,Facultad de Trabajo Social,Centro,40.611.136
Lenguas Modernas y sus Literaturas,Artes y Humanidades,Facultad de Filosofia y Letras,Cartuja,07.329.684
Medicina,Ciencias de la Salud,Facultad de Medicina,Centro,36.594.852
Matematicas,Ciencias,Facultad de Ciencias,Fuentenueva,45.683.938
Sociologia,Ciencias Sociales y Juridicas,Facultad de Ciencias Politicas y Sociologia,Centro,56.489.533
Pedagogia,Ciencias Sociales y Juridicas,Facultad de Ciencias de la Educacion,Cartuja,03.837.678
Ingenieria Quimica,Ingenieria y Arquitectura,Facultad de Ciencias,Fuentenueva,54.367.739
Derecho,Ciencias Sociales y Juridicas,Facultad de Derecho,Centro,60.825.804
Trabajo Social,Ciencias Sociales y Juridicas,Facultad de Trabajo Social,Centro,07.954.875
Terapia Ocupacional,Ciencias de la Salud,Facultad de Ciencias de la Salud,Centro,94.869.327
Ciencias Politicas y de la Administracion,Ciencias Sociales y Juridicas,Facultad de Ciencias Politicas y Sociologia,Centro,17.825.715
Bioquimica,Ciencias,Facultad de Ciencias,Fuentenueva,75.165.179
Estudios Ingleses,Artes y Humanidades,Facultad de Filosofia y Letras,Cartuja,39.250.226
Economia,Ciencias Sociales y Juridicas,Facultad de Ciencias Economicas y Empresariales,Cartuja,29.000.562
Literaturas Comparadas,Artes y Humanidades,Facultad de Filosofia y Letras,Cartuja,36.565.068
Arquitectura,Ingenieria y Arquitectura,Facultad de Arquitectura,Aynadamar,51.718.656
Estudios arabes e Islamicos,Artes y Humanidades,Facultad de Filosofia y Letras,Cartuja,81.274.483
Turismo,Ciencias Sociales y Juridicas,Facultad de Ciencias Economicas y Empresariales,Cartuja,67.719.616
Ciencias Ambientales,Ciencias,Facultad de Ciencias,Fuentenueva,06.982.732
Fisioterapia,Ciencias de la Salud,Facultad de Ciencias de la Salud,Centro,03.061.213
Filologia Hispanica,Artes y Humanidades,Facultad de Filosofia y Letras,Cartuja,69.254.346
Fisioterapia,Ciencias de la Salud,Facultad de Ciencias de la Salud,Centro,38.747.228
Filosofia,Artes y Humanidades,Facultad de Filosofia y Letras,Cartuja,14.053.521
Estudios Ingleses,Artes y Humanidades,Facultad de Filosofia y Letras,Cartuja,73.836.008
Fisioterapia,Ciencias de la Salud,Facultad de Ciencias de la Salud,Centro,69.254.346
Estudios Franceses,Artes y Humanidades,Facultad de Filosofia y Letras,Cartuja,75.165.179
Ciencia y Tecnologia de los Alimentos,Ciencias,Facultad de Farmacia,Cartuja,51.718.656
Biologia,Ciencias,Facultad de Ciencias,Fuentenueva,25.619.271
Estudios arabes e Islamicos,Artes y Humanidades,Facultad de Filosofia y Letras,Cartuja,29.000.562
Arquitectura,Ingenieria y Arquitectura,Facultad de Arquitectura,Aynadamar,60.825.804
Fisioterapia,Ciencias de la Salud,Facultad de Ciencias de la Salud,Centro,56.489.533
Terapia Ocupacional,Ciencias de la Salud,Facultad de Ciencias de la Salud,Centro,14.053.521
Gestion y Administracion Publica,Ciencias Sociales y Juridicas,Facultad de Ciencias Sociales de Melilla,Melilla,36.594.852
Enfermeria,Ciencias de la Salud,Facultad de Ciencias de la Salud,Centro,11.831.160
Terapia Ocupacional,Ciencias de la Salud,Facultad de Ciencias de la Salud,Centro,06.982.732
Ciencia y Tecnologia de los Alimentos,Ciencias,Facultad de Farmacia,Cartuja,03.837.678
Antropologia Social y Cultural,Ciencias Sociales y Juridicas,Facultad de Filosofia y Letras,Cartuja,03.061.213
Nutricion Humana y Dietetica,Ciencias de la Salud,Facultad de Farmacia,Cartuja,07.329.684
Ciencias Politicas y de la Administracion,Ciencias Sociales y Juridicas,Facultad de Ciencias Politicas y Sociologia,Centro,73.836.008
Estadistica,Ciencias,Facultad de Ciencias,Fuentenueva,07.954.875
Estudios Ingleses,Artes y Humanidades,Facultad de Filosofia y Letras,Cartuja,38.747.228
Traduccion e Interpretacion,Artes y Humanidades,Facultad de Traduccion e Interpretacion,Centro,45.683.938
Bioquimica,Ciencias,Facultad de Ciencias,Fuentenueva,67.719.616
Filologia Hispanica,Artes y Humanidades,Facultad de Filosofia y Letras,Cartuja,10.052.422
Trabajo Social,Ciencias Sociales y Juridicas,Facultad de Trabajo Social,Centro,94.869.327
Gestion y Administracion Publica,Ciencias Sociales y Juridicas,Facultad de Ciencias Sociales de Melilla,Melilla,69.254.346
Criminologia,Ciencias Sociales y Juridicas,Facultad de Derecho,Centro,14.053.521
Geologia,Ciencias,Facultad de Ciencias,Fuentenueva,11.831.160
Derecho,Ciencias Sociales y Juridicas,Facultad de Derecho,Centro,06.982.732
Lenguas Modernas y sus Literaturas,Artes y Humanidades,Facultad de Filosofia y Letras,Cartuja,39.250.226
Geologia,Ciencias,Facultad de Ciencias,Fuentenueva,25.619.271
Ciencias Ambientales,Ciencias,Facultad de Ciencias,Fuentenueva,36.565.068
Marketing e Investigacion de Mercados,Ciencias Sociales y Juridicas,Facultad de Ciencias Economicas y Empresariales,Cartuja,38.747.228
Informacion y Documentacion,Ciencias Sociales y Juridicas,Facultad de Comunicacion y Documentacion,Cartuja,40.611.136
Farmacia,Ciencias de la Salud,Facultad de Farmacia,Cartuja,36.594.852
Relaciones Laborales y Recursos Humanos,Ciencias Sociales y Juridicas,Facultad de Ciencias del Trabajo,Centro,97.076.155
Medicina,Ciencias de la Salud,Facultad de Medicina,Centro,03.837.678
Psicologia,Ciencias de la Salud,Facultad de Psicologia,Cartuja,60.825.804
Ingenieria Quimica,Ingenieria y Arquitectura,Facultad de Ciencias,Fuentenueva,17.825.715
Ciencias Politicas y de la Administracion,Ciencias Sociales y Juridicas,Facultad de Ciencias Politicas y Sociologia,Centro,03.061.213
Estudios Franceses,Artes y Humanidades,Facultad de Filosofia y Letras,Cartuja,07.954.875
Farmacia,Ciencias de la Salud,Facultad de Farmacia,Cartuja,07.329.684
Turismo,Ciencias Sociales y Juridicas,Facultad de Ciencias Economicas y Empresariales,Cartuja,10.052.422
Economia,Ciencias Sociales y Juridicas,Facultad de Ciencias Economicas y Empresariales,Cartuja,73.836.008
Traduccion e Interpretacion,Artes y Humanidades,Facultad de Traduccion e Interpretacion,Centro,56.489.533
Farmacia,Ciencias de la Salud,Facultad de Farmacia,Cartuja,51.718.656
Estudios Franceses,Artes y Humanidades,Facultad de Filosofia y Letras,Cartuja,45.683.938
Ingenieria Electronica Industrial,Ingenieria y Arquitectura,Facultad de Ciencias,Fuentenueva,99.637.751
Ingenieria Informatica y Matematicas,Ciencias,Facultad de Ciencias,Aynadamar,54.367.739
Antropologia Social y Cultural,Ciencias Sociales y Juridicas,Facultad de Filosofia y Letras,Cartuja,67.719.616
Enfermeria,Ciencias de la Salud,Facultad de Ciencias de la Salud,Centro,81.274.483
Filologia Hispanica,Artes y Humanidades,Facultad de Filosofia y Letras,Cartuja,75.165.179
Bioquimica,Ciencias,Facultad de Ciencias,Fuentenueva,29.000.562
Psicologia,Ciencias de la Salud,Facultad de Psicologia,Cartuja,84.261.747
Criminologia,Ciencias Sociales y Juridicas,Facultad de Derecho,Centro,97.076.155
Trabajo Social,Ciencias Sociales y Juridicas,Facultad de Trabajo Social,Centro,60.825.804
Marketing e Investigacion de Mercados,Ciencias Sociales y Juridicas,Facultad de Ciencias Economicas y Empresariales,Cartuja,84.261.747
Optica y Optometria,Ciencias,Facultad de Ciencias,Fuentenueva,11.831.160
Criminologia,Ciencias Sociales y Juridicas,Facultad de Derecho,Centro,36.594.852
Ciencia y Tecnologia de los Alimentos,Ciencias,Facultad de Farmacia,Cartuja,36.565.068
Sociologia,Ciencias Sociales y Juridicas,Facultad de Ciencias Politicas y Sociologia,Centro,03.837.678
Ingenieria Quimica,Ingenieria y Arquitectura,Facultad de Ciencias,Fuentenueva,56.489.533
Quimica,Ciencias,Facultad de Ciencias,Fuentenueva,38.747.228
Historia y Ciencias de la Musica,Artes y Humanidades,Facultad de Filosofia y Letras,Cartuja,81.274.483
Historia,Artes y Humanidades,Facultad de Filosofia y Letras,Cartuja,99.637.751
Economia,Ciencias Sociales y Juridicas,Facultad de Ciencias Economicas y Empresariales,Cartuja,75.165.179
Literaturas Comparadas,Artes y Humanidades,Facultad de Filosofia y Letras,Cartuja,14.053.521
Economia,Ciencias Sociales y Juridicas,Facultad de Ciencias Economicas y Empresariales,Cartuja,29.000.562
Arqueologia,Artes y Humanidades,Facultad de Filosofia y Letras,Cartuja,51.718.656
Ciencias Ambientales,Ciencias,Facultad de Ciencias,Fuentenueva,67.719.616
Bioquimica,Ciencias,Facultad de Ciencias,Fuentenueva,25.619.271
Historia,Artes y Humanidades,Facultad de Filosofia y Letras,Cartuja,10.052.422
Criminologia,Ciencias Sociales y Juridicas,Facultad de Derecho,Centro,17.825.715
Geologia,Ciencias,Facultad de Ciencias,Fuentenueva,94.869.327
Derecho,Ciencias Sociales y Juridicas,Facultad de Derecho,Centro,07.954.875
Sociologia,Ciencias Sociales y Juridicas,Facultad de Ciencias Politicas y Sociologia,Centro,11.831.160
Estudios Ingleses,Artes y Humanidades,Facultad de Filosofia y Letras,Cartuja,17.825.715
Ingenieria Electronica Industrial,Ingenieria y Arquitectura,Facultad de Ciencias,Fuentenueva,06.982.732
Farmacia,Ciencias de la Salud,Facultad de Farmacia,Cartuja,84.261.747
Geologia,Ciencias,Facultad de Ciencias,Fuentenueva,36.594.852
Fisioterapia,Ciencias de la Salud,Facultad de Ciencias de la Salud,Centro,40.611.136
Conservacion y Restauracion de Bienes Culturales,Artes y Humanidades,Facultad de Bellas Artes,Aynadamar,03.837.678
Derecho,Ciencias Sociales y Juridicas,Facultad de Derecho,Centro,45.683.938
Estudios Ingleses,Artes y Humanidades,Facultad de Filosofia y Letras,Cartuja,67.719.616
Historia,Artes y Humanidades,Facultad de Filosofia y Letras,Cartuja,94.869.327
Historia del Arte,Artes y Humanidades,Facultad de Filosofia y Letras,Cartuja,25.619.271
Trabajo Social,Ciencias Sociales y Juridicas,Facultad de Trabajo Social,Centro,54.367.739
Marketing e Investigacion de Mercados,Ciencias Sociales y Juridicas,Facultad de Ciencias Economicas y Empresariales,Cartuja,36.565.068
Farmacia,Ciencias de la Salud,Facultad de Farmacia,Cartuja,81.274.483
Gestion y Administracion Publica,Ciencias Sociales y Juridicas,Facultad de Ciencias Sociales de Melilla,Melilla,60.825.804
Pedagogia,Ciencias Sociales y Juridicas,Facultad de Ciencias de la Educacion,Cartuja,03.061.213
Lenguas Modernas y sus Literaturas,Artes y Humanidades,Facultad de Filosofia y Letras,Cartuja,38.747.228
Economia,Ciencias Sociales y Juridicas,Facultad de Ciencias Economicas y Empresariales,Cartuja,39.250.226
Historia y Ciencias de la Musica,Artes y Humanidades,Facultad de Filosofia y Letras,Cartuja,14.053.521
Informacion y Documentacion,Ciencias Sociales y Juridicas,Facultad de Comunicacion y Documentacion,Cartuja,51.718.656
Criminologia,Ciencias Sociales y Juridicas,Facultad de Derecho,Centro,99.637.751
Criminologia,Ciencias Sociales y Juridicas,Facultad de Derecho,Centro,97.076.155
Odontologia,Ciencias de la Salud,Facultad de Odontologia,Cartuja,10.052.422
Arqueologia,Artes y Humanidades,Facultad de Filosofia y Letras,Cartuja,07.329.684
Gestion y Administracion Publica,Ciencias Sociales y Juridicas,Facultad de Ciencias Sociales de Melilla,Melilla,75.165.179
Derecho,Ciencias Sociales y Juridicas,Facultad de Derecho,Centro,73.836.008
Ingenieria Quimica,Ingenieria y Arquitectura,Facultad de Ciencias,Fuentenueva,56.489.533
Comunicacion Audiovisual,Ciencias Sociales y Juridicas,Facultad de Comunicacion y Documentacion,Cartuja,29.000.562
Geologia,Ciencias,Facultad de Ciencias,Fuentenueva,69.254.346
Bellas Artes,Artes y Humanidades,Facultad de Bellas Artes,Aynadamar,84.261.747
Arquitectura,Ingenieria y Arquitectura,Facultad de Arquitectura,Aynadamar,14.053.521
Finanzas y Contabilidad,Ciencias Sociales y Juridicas,Facultad de Ciencias Economicas y Empresariales,Cartuja,81.274.483
Comunicacion Audiovisual,Ciencias Sociales y Juridicas,Facultad de Comunicacion y Documentacion,Cartuja,06.982.732
Optica y Optometria,Ciencias,Facultad de Ciencias,Fuentenueva,39.250.226
Relaciones Laborales y Recursos Humanos,Ciencias Sociales y Juridicas,Facultad de Ciencias del Trabajo,Centro,29.000.562
Criminologia,Ciencias Sociales y Juridicas,Facultad de Derecho,Centro,75.165.179
Derecho,Ciencias Sociales y Juridicas,Facultad de Derecho,Centro,45.683.938
Bellas Artes,Artes y Humanidades,Facultad de Bellas Artes,Aynadamar,69.254.346
Relaciones Laborales y Recursos Humanos,Ciencias Sociales y Juridicas,Facultad de Ciencias del Trabajo,Centro,11.831.160
Ciencias de la Actividad Fisica y del Deporte,Ciencias Sociales y Juridicas,Facultad de Ciencias del Deporte,Cartuja,36.594.852
Logopedia,Ciencias de la Salud,Facultad de Psicologia,Cartuja,51.718.656
Historia del Arte,Artes y Humanidades,Facultad de Filosofia y Letras,Cartuja,03.061.213
Filosofia,Artes y Humanidades,Facultad de Filosofia y Letras,Cartuja,36.565.068
Farmacia,Ciencias de la Salud,Facultad de Farmacia,Cartuja,94.869.327
Sociologia,Ciencias Sociales y Juridicas,Facultad de Ciencias Politicas y Sociologia,Centro,67.719.616
Filologia Clasica,Artes y Humanidades,Facultad de Filosofia y Letras,Cartuja,56.489.533
Logopedia,Ciencias de la Salud,Facultad de Psicologia,Cartuja,97.076.155
Optica y Optometria,Ciencias,Facultad de Ciencias,Fuentenueva,07.329.684
Ingenieria Informatica y Matematicas,Ciencias,Facultad de Ciencias,Aynadamar,54.367.739
Ciencias Ambientales,Ciencias,Facultad de Ciencias,Fuentenueva,67.719.616
Bioquimica,Ciencias,Facultad de Ciencias,Fuentenueva,17.825.715
Comunicacion Audiovisual,Ciencias Sociales y Juridicas,Facultad de Comunicacion y Documentacion,Cartuja,07.954.875
Fisioterapia,Ciencias de la Salud,Facultad de Ciencias de la Salud,Centro,03.061.213
Biologia,Ciencias,Facultad de Ciencias,Fuentenueva,69.254.346
Turismo,Ciencias Sociales y Juridicas,Facultad de Ciencias Economicas y Empresariales,Cartuja,84.261.747
Bellas Artes,Artes y Humanidades,Facultad de Bellas Artes,Aynadamar,36.594.852
Trabajo Social,Ciencias Sociales y Juridicas,Facultad de Trabajo Social,Centro,10.052.422
Arquitectura,Ingenieria y Arquitectura,Facultad de Arquitectura,Aynadamar,94.869.327
Comunicacion Audiovisual,Ciencias Sociales y Juridicas,Facultad de Comunicacion y Documentacion,Cartuja,14.053.521
Enfermeria,Ciencias de la Salud,Facultad de Ciencias de la Salud,Centro,40.611.136
Ingenieria Electronica Industrial,Ingenieria y Arquitectura,Facultad de Ciencias,Fuentenueva,39.250.226
Quimica,Ciencias,Facultad de Ciencias,Fuentenueva,36.565.068
Arqueologia,Artes y Humanidades,Facultad de Filosofia y Letras,Cartuja,25.619.271
Odontologia,Ciencias de la Salud,Facultad de Odontologia,Cartuja,03.837.678
Odontologia,Ciencias de la Salud,Facultad de Odontologia,Cartuja,81.274.483
Lenguas Modernas y sus Literaturas,Artes y Humanidades,Facultad de Filosofia y Letras,Cartuja,73.836.008
Ciencias Ambientales,Ciencias,Facultad de Ciencias,Fuentenueva,45.683.938
Arquitectura,Ingenieria y Arquitectura,Facultad de Arquitectura,Aynadamar,38.747.228
Medicina,Ciencias de la Salud,Facultad de Medicina,Centro,56.489.533
Odontologia,Ciencias de la Salud,Facultad de Odontologia,Cartuja,07.329.684
Sociologia,Ciencias Sociales y Juridicas,Facultad de Ciencias Politicas y Sociologia,Centro,06.982.732
Ciencias Politicas y de la Administracion,Ciencias Sociales y Juridicas,Facultad de Ciencias Politicas y Sociologia,Centro,54.367.739
Filologia Hispanica,Artes y Humanidades,Facultad de Filosofia y Letras,Cartuja,29.000.562
Economia,Ciencias Sociales y Juridicas,Facultad de Ciencias Economicas y Empresariales,Cartuja,97.076.155
Conservacion y Restauracion de Bienes Culturales,Artes y Humanidades,Facultad de Bellas Artes,Aynadamar,75.165.179
Geologia,Ciencias,Facultad de Ciencias,Fuentenueva,60.825.804
Estudios Franceses,Artes y Humanidades,Facultad de Filosofia y Letras,Cartuja,99.637.751
Ingenieria Quimica,Ingenieria y Arquitectura,Facultad de Ciencias,Fuentenueva,11.831.160
Relaciones Laborales y Recursos Humanos,Ciencias Sociales y Juridicas,Facultad de Ciencias del Trabajo,Centro,51.718.656
Arqueologia,Artes y Humanidades,Facultad de Filosofia y Letras,Cartuja,07.329.684
Optica y Optometria,Ciencias,Facultad de Ciencias,Fuentenueva,07.954.875
Criminologia,Ciencias Sociales y Juridicas,Facultad de Derecho,Centro,14.053.521
Filosofia,Artes y Humanidades,Facultad de Filosofia y Letras,Cartuja,99.637.751
Derecho,Ciencias Sociales y Juridicas,Facultad de Derecho,Centro,84.261.747
Estudios Franceses,Artes y Humanidades,Facultad de Filosofia y Letras,Cartuja,56.489.533
Pedagogia,Ciencias Sociales y Juridicas,Facultad de Ciencias de la Educacion,Cartuja,38.747.228
Geologia,Ciencias,Facultad de Ciencias,Fuentenueva,11.831.160
Sociologia,Ciencias Sociales y Juridicas,Facultad de Ciencias Politicas y Sociologia,Centro,73.836.008
Estudios Ingleses,Artes y Humanidades,Facultad de Filosofia y Letras,Cartuja,69.254.346
Traduccion e Interpretacion,Artes y Humanidades,Facultad de Traduccion e Interpretacion,Centro,29.000.562
Historia,Artes y Humanidades,Facultad de Filosofia y Letras,Cartuja,39.250.226
Antropologia Social y Cultural,Ciencias Sociales y Juridicas,Facultad de Filosofia y Letras,Cartuja,40.611.136
Pedagogia,Ciencias Sociales y Juridicas,Facultad de Ciencias de la Educacion,Cartuja,03.061.213
Ciencias Politicas y de la Administracion,Ciencias Sociales y Juridicas,Facultad de Ciencias Politicas y Sociologia,Centro,97.076.155
Comunicacion Audiovisual,Ciencias Sociales y Juridicas,Facultad de Comunicacion y Documentacion,Cartuja,67.719.616
Filosofia,Artes y Humanidades,Facultad de Filosofia y Letras,Cartuja,45.683.938
Quimica,Ciencias,Facultad de Ciencias,Fuentenueva,54.367.739
Enfermeria,Ciencias de la Salud,Facultad de Ciencias de la Salud,Centro,75.165.179
Filosofia,Artes y Humanidades,Facultad de Filosofia y Letras,Cartuja,60.825.804
Criminologia,Ciencias Sociales y Juridicas,Facultad de Derecho,Centro,67.719.616
Arquitectura,Ingenieria y Arquitectura,Facultad de Arquitectura,Aynadamar,94.869.327
Ciencia y Tecnologia de los Alimentos,Ciencias,Facultad de Farmacia,Cartuja,07.954.875
Antropologia Social y Cultural,Ciencias Sociales y Juridicas,Facultad de Filosofia y Letras,Cartuja,75.165.179
Medicina,Ciencias de la Salud,Facultad de Medicina,Centro,06.982.732
Comunicacion Audiovisual,Ciencias Sociales y Juridicas,Facultad de Comunicacion y Documentacion,Cartuja,60.825.804
Conservacion y Restauracion de Bienes Culturales,Artes y Humanidades,Facultad de Bellas Artes,Aynadamar,56.489.533
Ingenieria Quimica,Ingenieria y Arquitectura,Facultad de Ciencias,Fuentenueva,10.052.422
Psicologia,Ciencias de la Salud,Facultad de Psicologia,Cartuja,45.683.938
Optica y Optometria,Ciencias,Facultad de Ciencias,Fuentenueva,38.747.228
Ingenieria Electronica Industrial,Ingenieria y Arquitectura,Facultad de Ciencias,Fuentenueva,25.619.271
Estudios arabes e Islamicos,Artes y Humanidades,Facultad de Filosofia y Letras,Cartuja,03.061.213
Pedagogia,Ciencias Sociales y Juridicas,Facultad de Ciencias de la Educacion,Cartuja,03.837.678
Arquitectura,Ingenieria y Arquitectura,Facultad de Arquitectura,Aynadamar,73.836.008
Ingenieria Electronica Industrial,Ingenieria y Arquitectura,Facultad de Ciencias,Fuentenueva,69.254.346
Traduccion e Interpretacion,Artes y Humanidades,Facultad de Traduccion e Interpretacion,Centro,36.565.068
Bioquimica,Ciencias,Facultad de Ciencias,Fuentenueva,97.076.155
Quimica,Ciencias,Facultad de Ciencias,Fuentenueva,07.329.684
Finanzas y Contabilidad,Ciencias Sociales y Juridicas,Facultad de Ciencias Economicas y Empresariales,Cartuja,17.825.715
Ingenieria Quimica,Ingenieria y Arquitectura,Facultad de Ciencias,Fuentenueva,11.831.160
Conservacion y Restauracion de Bienes Culturales,Artes y Humanidades,Facultad de Bellas Artes,Aynadamar,99.637.751
Enfermeria,Ciencias de la Salud,Facultad de Ciencias de la Salud,Centro,36.594.852
Odontologia,Ciencias de la Salud,Facultad de Odontologia,Cartuja,39.250.226
Terapia Ocupacional,Ciencias de la Salud,Facultad de Ciencias de la Salud,Centro,29.000.562
Estudios Franceses,Artes y Humanidades,Facultad de Filosofia y Letras,Cartuja,81.274.483
Gestion y Administracion Publica,Ciencias Sociales y Juridicas,Facultad de Ciencias Sociales de Melilla,Melilla,14.053.521
Ciencia y Tecnologia de los Alimentos,Ciencias,Facultad de Farmacia,Cartuja,40.611.136
Logopedia,Ciencias de la Salud,Facultad de Psicologia,Cartuja,54.367.739
Marketing e Investigacion de Mercados,Ciencias Sociales y Juridicas,Facultad de Ciencias Economicas y Empresariales,Cartuja,51.718.656
Ingenieria Informatica y Matematicas,Ciencias,Facultad de Ciencias,Aynadamar,84.261.747
Farmacia,Ciencias de la Salud,Facultad de Farmacia,Cartuja,03.061.213
Lenguas Modernas y sus Literaturas,Artes y Humanidades,Facultad de Filosofia y Letras,Cartuja,45.683.938
Ciencia y Tecnologia de los Alimentos,Ciencias,Facultad de Farmacia,Cartuja,38.747.228
Geologia,Ciencias,Facultad de Ciencias,Fuentenueva,51.718.656
Estudios Franceses,Artes y Humanidades,Facultad de Filosofia y Letras,Cartuja,69.254.346
Comunicacion Audiovisual,Ciencias Sociales y Juridicas,Facultad de Comunicacion y Documentacion,Cartuja,84.261.747
Comunicacion Audiovisual,Ciencias Sociales y Juridicas,Facultad de Comunicacion y Documentacion,Cartuja,29.000.562
Marketing e Investigacion de Mercados,Ciencias Sociales y Juridicas,Facultad de Ciencias Economicas y Empresariales,Cartuja,94.869.327
Estudios Franceses,Artes y Humanidades,Facultad de Filosofia y Letras,Cartuja,03.837.678
Sociologia,Ciencias Sociales y Juridicas,Facultad de Ciencias Politicas y Sociologia,Centro,81.274.483
Traduccion e Interpretacion,Artes y Humanidades,Facultad de Traduccion e Interpretacion,Centro,36.594.852
Ingenieria Electronica Industrial,Ingenieria y Arquitectura,Facultad de Ciencias,Fuentenueva,97.076.155
Psicologia,Ciencias de la Salud,Facultad de Psicologia,Cartuja,07.954.875
Filosofia,Artes y Humanidades,Facultad de Filosofia y Letras,Cartuja,40.611.136
Nutricion Humana y Dietetica,Ciencias de la Salud,Facultad de Farmacia,Cartuja,10.052.422
Lenguas Modernas y sus Literaturas,Artes y Humanidades,Facultad de Filosofia y Letras,Cartuja,99.637.751
Logopedia,Ciencias de la Salud,Facultad de Psicologia,Cartuja,67.719.616
Comunicacion Audiovisual,Ciencias Sociales y Juridicas,Facultad de Comunicacion y Documentacion,Cartuja,17.825.715
Relaciones Laborales y Recursos Humanos,Ciencias Sociales y Juridicas,Facultad de Ciencias del Trabajo,Centro,56.489.533
Ingenieria Electronica Industrial,Ingenieria y Arquitectura,Facultad de Ciencias,Fuentenueva,75.165.179
Arquitectura,Ingenieria y Arquitectura,Facultad de Arquitectura,Aynadamar,36.594.852
Sociologia,Ciencias Sociales y Juridicas,Facultad de Ciencias Politicas y Sociologia,Centro,11.831.160
Enfermeria,Ciencias de la Salud,Facultad de Ciencias de la Salud,Centro,99.637.751
Trabajo Social,Ciencias Sociales y Juridicas,Facultad de Trabajo Social,Centro,10.052.422
Arquitectura,Ingenieria y Arquitectura,Facultad de Arquitectura,Aynadamar,69.254.346
Enfermeria,Ciencias de la Salud,Facultad de Ciencias de la Salud,Centro,03.061.213
Geografia y Gestion del Territorio,Ciencias Sociales y Juridicas,Facultad de Filosofia y Letras,Cartuja,36.565.068
Geografia y Gestion del Territorio,Ciencias Sociales y Juridicas,Facultad de Filosofia y Letras,Cartuja,94.869.327
Ciencias de la Actividad Fisica y del Deporte,Ciencias Sociales y Juridicas,Facultad de Ciencias del Deporte,Cartuja,06.982.732
Traduccion e Interpretacion,Artes y Humanidades,Facultad de Traduccion e Interpretacion,Centro,38.747.228
Farmacia,Ciencias de la Salud,Facultad de Farmacia,Cartuja,14.053.521
Conservacion y Restauracion de Bienes Culturales,Artes y Humanidades,Facultad de Bellas Artes,Aynadamar,75.165.179
Economia,Ciencias Sociales y Juridicas,Facultad de Ciencias Economicas y Empresariales,Cartuja,03.837.678
Estudios arabes e Islamicos,Artes y Humanidades,Facultad de Filosofia y Letras,Cartuja,29.000.562
Arquitectura,Ingenieria y Arquitectura,Facultad de Arquitectura,Aynadamar,17.825.715
Filologia Clasica,Artes y Humanidades,Facultad de Filosofia y Letras,Cartuja,84.261.747
Comunicacion Audiovisual,Ciencias Sociales y Juridicas,Facultad de Comunicacion y Documentacion,Cartuja,60.825.804
Optica y Optometria,Ciencias,Facultad de Ciencias,Fuentenueva,51.718.656
Conservacion y Restauracion de Bienes Culturales,Artes y Humanidades,Facultad de Bellas Artes,Aynadamar,25.619.271
Nutricion Humana y Dietetica,Ciencias de la Salud,Facultad de Farmacia,Cartuja,81.274.483
Geografia y Gestion del Territorio,Ciencias Sociales y Juridicas,Facultad de Filosofia y Letras,Cartuja,07.329.684
Relaciones Laborales y Recursos Humanos,Ciencias Sociales y Juridicas,Facultad de Ciencias del Trabajo,Centro,54.367.739
Filologia Hispanica,Artes y Humanidades,Facultad de Filosofia y Letras,Cartuja,73.836.008
Relaciones Laborales y Recursos Humanos,Ciencias Sociales y Juridicas,Facultad de Ciencias del Trabajo,Centro,97.076.155
Antropologia Social y Cultural,Ciencias Sociales y Juridicas,Facultad de Filosofia y Letras,Cartuja,45.683.938
Filologia Clasica,Artes y Humanidades,Facultad de Filosofia y Letras,Cartuja,56.489.533
Estadistica,Ciencias,Facultad de Ciencias,Fuentenueva,07.954.875
Trabajo Social,Ciencias Sociales y Juridicas,Facultad de Trabajo Social,Centro,40.611.136
Quimica,Ciencias,Facultad de Ciencias,Fuentenueva,39.250.226
Optica y Optometria,Ciencias,Facultad de Ciencias,Fuentenueva,67.719.616
Odontologia,Ciencias de la Salud,Facultad de Odontologia,Cartuja,51.718.656
Arqueologia,Artes y Humanidades,Facultad de Filosofia y Letras,Cartuja,45.683.938
Comunicacion Audiovisual,Ciencias Sociales y Juridicas,Facultad de Comunicacion y Documentacion,Cartuja,03.061.213
Marketing e Investigacion de Mercados,Ciencias Sociales y Juridicas,Facultad de Ciencias Economicas y Empresariales,Cartuja,40.611.136
Historia y Ciencias de la Musica,Artes y Humanidades,Facultad de Filosofia y Letras,Cartuja,99.637.751
Marketing e Investigacion de Mercados,Ciencias Sociales y Juridicas,Facultad de Ciencias Economicas y Empresariales,Cartuja,25.619.271
Estudios Ingleses,Artes y Humanidades,Facultad de Filosofia y Letras,Cartuja,39.250.226
Ciencia y Tecnologia de los Alimentos,Ciencias,Facultad de Farmacia,Cartuja,67.719.616
Literaturas Comparadas,Artes y Humanidades,Facultad de Filosofia y Letras,Cartuja,97.076.155
Antropologia Social y Cultural,Ciencias Sociales y Juridicas,Facultad de Filosofia y Letras,Cartuja,84.261.747
Comunicacion Audiovisual,Ciencias Sociales y Juridicas,Facultad de Comunicacion y Documentacion,Cartuja,36.565.068
Trabajo Social,Ciencias Sociales y Juridicas,Facultad de Trabajo Social,Centro,14.053.521
Lenguas Modernas y sus Literaturas,Artes y Humanidades,Facultad de Filosofia y Letras,Cartuja,11.831.160
Pedagogia,Ciencias Sociales y Juridicas,Facultad de Ciencias de la Educacion,Cartuja,69.254.346
Estudios arabes e Islamicos,Artes y Humanidades,Facultad de Filosofia y Letras,Cartuja,60.825.804
Biologia,Ciencias,Facultad de Ciencias,Fuentenueva,94.869.327
Gestion y Administracion Publica,Ciencias Sociales y Juridicas,Facultad de Ciencias Sociales de Melilla,Melilla,56.489.533
Estadistica,Ciencias,Facultad de Ciencias,Fuentenueva,10.052.422
Bellas Artes,Artes y Humanidades,Facultad de Bellas Artes,Aynadamar,38.747.228
Ciencias Politicas y de la Administracion,Ciencias Sociales y Juridicas,Facultad de Ciencias Politicas y Sociologia,Centro,36.594.852
Ciencias Politicas y de la Administracion,Ciencias Sociales y Juridicas,Facultad de Ciencias Politicas y Sociologia,Centro,07.329.684
Terapia Ocupacional,Ciencias de la Salud,Facultad de Ciencias de la Salud,Centro,10.052.422
Gestion y Administracion Publica,Ciencias Sociales y Juridicas,Facultad de Ciencias Sociales de Melilla,Melilla,17.825.715
Biologia,Ciencias,Facultad de Ciencias,Fuentenueva,40.611.136
Estudios Ingleses,Artes y Humanidades,Facultad de Filosofia y Letras,Cartuja,38.747.228
Bioquimica,Ciencias,Facultad de Ciencias,Fuentenueva,60.825.804
Ingenieria Electronica Industrial,Ingenieria y Arquitectura,Facultad de Ciencias,Fuentenueva,51.718.656
Conservacion y Restauracion de Bienes Culturales,Artes y Humanidades,Facultad de Bellas Artes,Aynadamar,67.719.616
Comunicacion Audiovisual,Ciencias Sociales y Juridicas,Facultad de Comunicacion y Documentacion,Cartuja,94.869.327
Comunicacion Audiovisual,Ciencias Sociales y Juridicas,Facultad de Comunicacion y Documentacion,Cartuja,29.000.562
Estadistica,Ciencias,Facultad de Ciencias,Fuentenueva,69.254.346
Estadistica,Ciencias,Facultad de Ciencias,Fuentenueva,39.250.226
Antropologia Social y Cultural,Ciencias Sociales y Juridicas,Facultad de Filosofia y Letras,Cartuja,56.489.533
Estadistica,Ciencias,Facultad de Ciencias,Fuentenueva,84.261.747
Derecho,Ciencias Sociales y Juridicas,Facultad de Derecho,Centro,75.165.179
Sociologia,Ciencias Sociales y Juridicas,Facultad de Ciencias Politicas y Sociologia,Centro,06.982.732
Criminologia,Ciencias Sociales y Juridicas,Facultad de Derecho,Centro,81.274.483
Ciencias Politicas y de la Administracion,Ciencias Sociales y Juridicas,Facultad de Ciencias Politicas y Sociologia,Centro,14.053.521
Conservacion y Restauracion de Bienes Culturales,Artes y Humanidades,Facultad de Bellas Artes,Aynadamar,99.637.751
Turismo,Ciencias Sociales y Juridicas,Facultad de Ciencias Economicas y Empresariales,Cartuja,36.594.852
Odontologia,Ciencias de la Salud,Facultad de Odontologia,Cartuja,54.367.739
Estudios Ingleses,Artes y Humanidades,Facultad de Filosofia y Letras,Cartuja,73.836.008
Antropologia Social y Cultural,Ciencias Sociales y Juridicas,Facultad de Filosofia y Letras,Cartuja,45.683.938
Ingenieria Informatica y Matematicas,Ciencias,Facultad de Ciencias,Aynadamar,07.954.875
Marketing e Investigacion de Mercados,Ciencias Sociales y Juridicas,Facultad de Ciencias Economicas y Empresariales,Cartuja,97.076.155
Quimica,Ciencias,Facultad de Ciencias,Fuentenueva,11.831.160
Nutricion Humana y Dietetica,Ciencias de la Salud,Facultad de Farmacia,Cartuja,25.619.271
Quimica,Ciencias,Facultad de Ciencias,Fuentenueva,03.061.213
Estudios Franceses,Artes y Humanidades,Facultad de Filosofia y Letras,Cartuja,36.565.068
Bellas Artes,Artes y Humanidades,Facultad de Bellas Artes,Aynadamar,03.837.678
Ciencias Politicas y de la Administracion,Ciencias Sociales y Juridicas,Facultad de Ciencias Politicas y Sociologia,Centro,56.489.533
Sociologia,Ciencias Sociales y Juridicas,Facultad de Ciencias Politicas y Sociologia,Centro,75.165.179
Odontologia,Ciencias de la Salud,Facultad de Odontologia,Cartuja,36.565.068
Traduccion e Interpretacion,Artes y Humanidades,Facultad de Traduccion e Interpretacion,Centro,10.052.422
Ciencia y Tecnologia de los Alimentos,Ciencias,Facultad de Farmacia,Cartuja,06.982.732
Biologia,Ciencias,Facultad de Ciencias,Fuentenueva,03.061.213
Antropologia Social y Cultural,Ciencias Sociales y Juridicas,Facultad de Filosofia y Letras,Cartuja,73.836.008
Odontologia,Ciencias de la Salud,Facultad de Odontologia,Cartuja,81.274.483
Historia del Arte,Artes y Humanidades,Facultad de Filosofia y Letras,Cartuja,84.261.747
Bioquimica,Ciencias,Facultad de Ciencias,Fuentenueva,99.637.751
Historia y Ciencias de la Musica,Artes y Humanidades,Facultad de Filosofia y Letras,Cartuja,25.619.271
Matematicas,Ciencias,Facultad de Ciencias,Fuentenueva,29.000.562
Traduccion e Interpretacion,Artes y Humanidades,Facultad de Traduccion e Interpretacion,Centro,11.831.160
Ingenieria Electronica Industrial,Ingenieria y Arquitectura,Facultad de Ciencias,Fuentenueva,97.076.155
Relaciones Laborales y Recursos Humanos,Ciencias Sociales y Juridicas,Facultad de Ciencias del Trabajo,Centro,36.594.852
Ingenieria Electronica Industrial,Ingenieria y Arquitectura,Facultad de Ciencias,Fuentenueva,38.747.228
Trabajo Social,Ciencias Sociales y Juridicas,Facultad de Trabajo Social,Centro,45.683.938
Finanzas y Contabilidad,Ciencias Sociales y Juridicas,Facultad de Ciencias Economicas y Empresariales,Cartuja,51.718.656
Ciencias de la Actividad Fisica y del Deporte,Ciencias Sociales y Juridicas,Facultad de Ciencias del Deporte,Cartuja,60.825.804
Turismo,Ciencias Sociales y Juridicas,Facultad de Ciencias Economicas y Empresariales,Cartuja,67.719.616
Sociologia,Ciencias Sociales y Juridicas,Facultad de Ciencias Politicas y Sociologia,Centro,75.165.179
Farmacia,Ciencias de la Salud,Facultad de Farmacia,Cartuja,11.831.160
Bioquimica,Ciencias,Facultad de Ciencias,Fuentenueva,97.076.155
Filologia Hispanica,Artes y Humanidades,Facultad de Filosofia y Letras,Cartuja,60.825.804
Derecho,Ciencias Sociales y Juridicas,Facultad de Derecho,Centro,81.274.483
Ingenieria Informatica y Matematicas,Ciencias,Facultad de Ciencias,Aynadamar,14.053.521
Odontologia,Ciencias de la Salud,Facultad de Odontologia,Cartuja,07.954.875
Optica y Optometria,Ciencias,Facultad de Ciencias,Fuentenueva,84.261.747
Arquitectura,Ingenieria y Arquitectura,Facultad de Arquitectura,Aynadamar,39.250.226
Filologia Hispanica,Artes y Humanidades,Facultad de Filosofia y Letras,Cartuja,45.683.938
Ciencias Politicas y de la Administracion,Ciencias Sociales y Juridicas,Facultad de Ciencias Politicas y Sociologia,Centro,03.837.678
Odontologia,Ciencias de la Salud,Facultad de Odontologia,Cartuja,29.000.562
Geologia,Ciencias,Facultad de Ciencias,Fuentenueva,67.719.616
Medicina,Ciencias de la Salud,Facultad de Medicina,Centro,54.367.739
Enfermeria,Ciencias de la Salud,Facultad de Ciencias de la Salud,Centro,94.869.327
Marketing e Investigacion de Mercados,Ciencias Sociales y Juridicas,Facultad de Ciencias Economicas y Empresariales,Cartuja,17.825.715
Biologia,Ciencias,Facultad de Ciencias,Fuentenueva,99.637.751
Filologia Hispanica,Artes y Humanidades,Facultad de Filosofia y Letras,Cartuja,25.619.271
Economia,Ciencias Sociales y Juridicas,Facultad de Ciencias Economicas y Empresariales,Cartuja,03.061.213
Traduccion e Interpretacion,Artes y Humanidades,Facultad de Traduccion e Interpretacion,Centro,51.718.656
Estudios Franceses,Artes y Humanidades,Facultad de Filosofia y Letras,Cartuja,69.254.346
Arqueologia,Artes y Humanidades,Facultad de Filosofia y Letras,Cartuja,06.982.732
Arqueologia,Artes y Humanidades,Facultad de Filosofia y Letras,Cartuja,38.747.228
Ingenieria Electronica Industrial,Ingenieria y Arquitectura,Facultad de Ciencias,Fuentenueva,10.052.422
Geologia,Ciencias,Facultad de Ciencias,Fuentenueva,36.594.852
Turismo,Ciencias Sociales y Juridicas,Facultad de Ciencias Economicas y Empresariales,Cartuja,73.836.008
Optica y Optometria,Ciencias,Facultad de Ciencias,Fuentenueva,56.489.533
Odontologia,Ciencias de la Salud,Facultad de Odontologia,Cartuja,40.611.136
Arquitectura,Ingenieria y Arquitectura,Facultad de Arquitectura,Aynadamar,36.565.068
Optica y Optometria,Ciencias,Facultad de Ciencias,Fuentenueva,07.329.684
Ingenieria Quimica,Ingenieria y Arquitectura,Facultad de Ciencias,Fuentenueva,29.000.562
Informacion y Documentacion,Ciencias Sociales y Juridicas,Facultad de Comunicacion y Documentacion,Cartuja,40.611.136
Ingenieria Quimica,Ingenieria y Arquitectura,Facultad de Ciencias,Fuentenueva,14.053.521
Derecho,Ciencias Sociales y Juridicas,Facultad de Derecho,Centro,03.061.213
Enfermeria,Ciencias de la Salud,Facultad de Ciencias de la Salud,Centro,56.489.533
Conservacion y Restauracion de Bienes Culturales,Artes y Humanidades,Facultad de Bellas Artes,Aynadamar,84.261.747
Ingenieria Informatica y Matematicas,Ciencias,Facultad de Ciencias,Aynadamar,38.747.228
Turismo,Ciencias Sociales y Juridicas,Facultad de Ciencias Economicas y Empresariales,Cartuja,73.836.008
Ciencias Politicas y de la Administracion,Ciencias Sociales y Juridicas,Facultad de Ciencias Politicas y Sociologia,Centro,67.719.616
Ciencias de la Actividad Fisica y del Deporte,Ciencias Sociales y Juridicas,Facultad de Ciencias del Deporte,Cartuja,07.954.875
Estudios Franceses,Artes y Humanidades,Facultad de Filosofia y Letras,Cartuja,11.831.160
Derecho,Ciencias Sociales y Juridicas,Facultad de Derecho,Centro,45.683.938
Turismo,Ciencias Sociales y Juridicas,Facultad de Ciencias Economicas y Empresariales,Cartuja,60.825.804
Finanzas y Contabilidad,Ciencias Sociales y Juridicas,Facultad de Ciencias Economicas y Empresariales,Cartuja,10.052.422
Filologia Hispanica,Artes y Humanidades,Facultad de Filosofia y Letras,Cartuja,36.594.852
Antropologia Social y Cultural,Ciencias Sociales y Juridicas,Facultad de Filosofia y Letras,Cartuja,39.250.226
Matematicas,Ciencias,Facultad de Ciencias,Fuentenueva,75.165.179
Odontologia,Ciencias de la Salud,Facultad de Odontologia,Cartuja,97.076.155
Historia,Artes y Humanidades,Facultad de Filosofia y Letras,Cartuja,51.718.656
Terapia Ocupacional,Ciencias de la Salud,Facultad de Ciencias de la Salud,Centro,99.637.751
Estudios Ingleses,Artes y Humanidades,Facultad de Filosofia y Letras,Cartuja,06.982.732
Medicina,Ciencias de la Salud,Facultad de Medicina,Centro,10.052.422
Conservacion y Restauracion de Bienes Culturales,Artes y Humanidades,Facultad de Bellas Artes,Aynadamar,36.594.852
Historia y Ciencias de la Musica,Artes y Humanidades,Facultad de Filosofia y Letras,Cartuja,07.329.684
Ciencia y Tecnologia de los Alimentos,Ciencias,Facultad de Farmacia,Cartuja,45.683.938
Marketing e Investigacion de Mercados,Ciencias Sociales y Juridicas,Facultad de Ciencias Economicas y Empresariales,Cartuja,94.869.327
Historia del Arte,Artes y Humanidades,Facultad de Filosofia y Letras,Cartuja,07.954.875
Ciencia y Tecnologia de los Alimentos,Ciencias,Facultad de Farmacia,Cartuja,36.565.068
Terapia Ocupacional,Ciencias de la Salud,Facultad de Ciencias de la Salud,Centro,29.000.562
Arqueologia,Artes y Humanidades,Facultad de Filosofia y Letras,Cartuja,14.053.521
Quimica,Ciencias,Facultad de Ciencias,Fuentenueva,60.825.804
Turismo,Ciencias Sociales y Juridicas,Facultad de Ciencias Economicas y Empresariales,Cartuja,11.831.160
Estudios Franceses,Artes y Humanidades,Facultad de Filosofia y Letras,Cartuja,38.747.228
Pedagogia,Ciencias Sociales y Juridicas,Facultad de Ciencias de la Educacion,Cartuja,56.489.533
Medicina,Ciencias de la Salud,Facultad de Medicina,Centro,54.367.739
Nutricion Humana y Dietetica,Ciencias de la Salud,Facultad de Farmacia,Cartuja,39.250.226
Economia,Ciencias Sociales y Juridicas,Facultad de Ciencias Economicas y Empresariales,Cartuja,81.274.483
Fisioterapia,Ciencias de la Salud,Facultad de Ciencias de la Salud,Centro,03.837.678
Turismo,Ciencias Sociales y Juridicas,Facultad de Ciencias Economicas y Empresariales,Cartuja,51.718.656
Criminologia,Ciencias Sociales y Juridicas,Facultad de Derecho,Centro,69.254.346
Historia,Artes y Humanidades,Facultad de Filosofia y Letras,Cartuja,99.637.751
Historia del Arte,Artes y Humanidades,Facultad de Filosofia y Letras,Cartuja,67.719.616
Psicologia,Ciencias de la Salud,Facultad de Psicologia,Cartuja,03.061.213
Ingenieria Electronica Industrial,Ingenieria y Arquitectura,Facultad de Ciencias,Fuentenueva,17.825.715
Finanzas y Contabilidad,Ciencias Sociales y Juridicas,Facultad de Ciencias Economicas y Empresariales,Cartuja,97.076.155
Farmacia,Ciencias de la Salud,Facultad de Farmacia,Cartuja,25.619.271
Ciencia y Tecnologia de los Alimentos,Ciencias,Facultad de Farmacia,Cartuja,73.836.008
Optica y Optometria,Ciencias,Facultad de Ciencias,Fuentenueva,75.165.179
Literaturas Comparadas,Artes y Humanidades,Facultad de Filosofia y Letras,Cartuja,40.611.136
Ingenieria Informatica y Matematicas,Ciencias,Facultad de Ciencias,Aynadamar,84.261.747
Comunicacion Audiovisual,Ciencias Sociales y Juridicas,Facultad de Comunicacion y Documentacion,Cartuja,54.367.739
Logopedia,Ciencias de la Salud,Facultad de Psicologia,Cartuja,45.683.938
Conservacion y Restauracion de Bienes Culturales,Artes y Humanidades,Facultad de Bellas Artes,Aynadamar,06.982.732
Ingenieria Informatica y Matematicas,Ciencias,Facultad de Ciencias,Aynadamar,25.619.271
Bellas Artes,Artes y Humanidades,Facultad de Bellas Artes,Aynadamar,75.165.179
Estudios arabes e Islamicos,Artes y Humanidades,Facultad de Filosofia y Letras,Cartuja,07.329.684
Historia,Artes y Humanidades,Facultad de Filosofia y Letras,Cartuja,94.869.327
Conservacion y Restauracion de Bienes Culturales,Artes y Humanidades,Facultad de Bellas Artes,Aynadamar,81.274.483
Geografia y Gestion del Territorio,Ciencias Sociales y Juridicas,Facultad de Filosofia y Letras,Cartuja,17.825.715
Informacion y Documentacion,Ciencias Sociales y Juridicas,Facultad de Comunicacion y Documentacion,Cartuja,60.825.804
Psicologia,Ciencias de la Salud,Facultad de Psicologia,Cartuja,39.250.226
Turismo,Ciencias Sociales y Juridicas,Facultad de Ciencias Economicas y Empresariales,Cartuja,84.261.747
Sociologia,Ciencias Sociales y Juridicas,Facultad de Ciencias Politicas y Sociologia,Centro,97.076.155
Filosofia,Artes y Humanidades,Facultad de Filosofia y Letras,Cartuja,07.954.875
Fisioterapia,Ciencias de la Salud,Facultad de Ciencias de la Salud,Centro,51.718.656
Ingenieria Electronica Industrial,Ingenieria y Arquitectura,Facultad de Ciencias,Fuentenueva,03.837.678
Ingenieria Quimica,Ingenieria y Arquitectura,Facultad de Ciencias,Fuentenueva,36.594.852
Comunicacion Audiovisual,Ciencias Sociales y Juridicas,Facultad de Comunicacion y Documentacion,Cartuja,29.000.562
Geografia y Gestion del Territorio,Ciencias Sociales y Juridicas,Facultad de Filosofia y Letras,Cartuja,14.053.521
Estudios Franceses,Artes y Humanidades,Facultad de Filosofia y Letras,Cartuja,40.611.136
Filologia Hispanica,Artes y Humanidades,Facultad de Filosofia y Letras,Cartuja,94.869.327
Matematicas,Ciencias,Facultad de Ciencias,Fuentenueva,54.367.739
Logopedia,Ciencias de la Salud,Facultad de Psicologia,Cartuja,60.825.804
Terapia Ocupacional,Ciencias de la Salud,Facultad de Ciencias de la Salud,Centro,73.836.008
Ingenieria Quimica,Ingenieria y Arquitectura,Facultad de Ciencias,Fuentenueva,75.165.179
Derecho,Ciencias Sociales y Juridicas,Facultad de Derecho,Centro,67.719.616
Farmacia,Ciencias de la Salud,Facultad de Farmacia,Cartuja,07.954.875
Arquitectura,Ingenieria y Arquitectura,Facultad de Arquitectura,Aynadamar,03.061.213
Conservacion y Restauracion de Bienes Culturales,Artes y Humanidades,Facultad de Bellas Artes,Aynadamar,07.329.684
Ingenieria Electronica Industrial,Ingenieria y Arquitectura,Facultad de Ciencias,Fuentenueva,97.076.155
Turismo,Ciencias Sociales y Juridicas,Facultad de Ciencias Economicas y Empresariales,Cartuja,03.837.678
Informacion y Documentacion,Ciencias Sociales y Juridicas,Facultad de Comunicacion y Documentacion,Cartuja,38.747.228
Enfermeria,Ciencias de la Salud,Facultad de Ciencias de la Salud,Centro,10.052.422
Relaciones Laborales y Recursos Humanos,Ciencias Sociales y Juridicas,Facultad de Ciencias del Trabajo,Centro,51.718.656
Marketing e Investigacion de Mercados,Ciencias Sociales y Juridicas,Facultad de Ciencias Economicas y Empresariales,Cartuja,40.611.136
Ingenieria Informatica y Matematicas,Ciencias,Facultad de Ciencias,Aynadamar,36.565.068
Psicologia,Ciencias de la Salud,Facultad de Psicologia,Cartuja,14.053.521
Matematicas,Ciencias,Facultad de Ciencias,Fuentenueva,84.261.747
Ingenieria Electronica Industrial,Ingenieria y Arquitectura,Facultad de Ciencias,Fuentenueva,69.254.346
Optica y Optometria,Ciencias,Facultad de Ciencias,Fuentenueva,25.619.271
Estudios Ingleses,Artes y Humanidades,Facultad de Filosofia y Letras,Cartuja,99.637.751
Comunicacion Audiovisual,Ciencias Sociales y Juridicas,Facultad de Comunicacion y Documentacion,Cartuja,45.683.938
Historia del Arte,Artes y Humanidades,Facultad de Filosofia y Letras,Cartuja,11.831.160
Ciencias Ambientales,Ciencias,Facultad de Ciencias,Fuentenueva,17.825.715
Optica y Optometria,Ciencias,Facultad de Ciencias,Fuentenueva,06.982.732
Trabajo Social,Ciencias Sociales y Juridicas,Facultad de Trabajo Social,Centro,81.274.483
Biologia,Ciencias,Facultad de Ciencias,Fuentenueva,39.250.226
Ciencias de la Actividad Fisica y del Deporte,Ciencias Sociales y Juridicas,Facultad de Ciencias del Deporte,Cartuja,36.594.852
Estudios Ingleses,Artes y Humanidades,Facultad de Filosofia y Letras,Cartuja,56.489.533
Comunicacion Audiovisual,Ciencias Sociales y Juridicas,Facultad de Comunicacion y Documentacion,Cartuja,29.000.562
Criminologia,Ciencias Sociales y Juridicas,Facultad de Derecho,Centro,56.489.533
Ingenieria Informatica y Matematicas,Ciencias,Facultad de Ciencias,Aynadamar,10.052.422
Logopedia,Ciencias de la Salud,Facultad de Psicologia,Cartuja,81.274.483
Biologia,Ciencias,Facultad de Ciencias,Fuentenueva,14.053.521
Bioquimica,Ciencias,Facultad de Ciencias,Fuentenueva,54.367.739
Conservacion y Restauracion de Bienes Culturales,Artes y Humanidades,Facultad de Bellas Artes,Aynadamar,36.565.068
Traduccion e Interpretacion,Artes y Humanidades,Facultad de Traduccion e Interpretacion,Centro,84.261.747
Nutricion Humana y Dietetica,Ciencias de la Salud,Facultad de Farmacia,Cartuja,07.954.875
Lenguas Modernas y sus Literaturas,Artes y Humanidades,Facultad de Filosofia y Letras,Cartuja,06.982.732
Geologia,Ciencias,Facultad de Ciencias,Fuentenueva,03.837.678
Quimica,Ciencias,Facultad de Ciencias,Fuentenueva,39.250.226
Farmacia,Ciencias de la Salud,Facultad de Farmacia,Cartuja,97.076.155
Filologia Clasica,Artes y Humanidades,Facultad de Filosofia y Letras,Cartuja,11.831.160
Ciencias Politicas y de la Administracion,Ciencias Sociales y Juridicas,Facultad de Ciencias Politicas y Sociologia,Centro,67.719.616
Ingenieria Informatica y Matematicas,Ciencias,Facultad de Ciencias,Aynadamar,75.165.179
Estudios Ingleses,Artes y Humanidades,Facultad de Filosofia y Letras,Cartuja,36.594.852
Ingenieria Quimica,Ingenieria y Arquitectura,Facultad de Ciencias,Fuentenueva,73.836.008
Marketing e Investigacion de Mercados,Ciencias Sociales y Juridicas,Facultad de Ciencias Economicas y Empresariales,Cartuja,03.061.213
Ciencias de la Actividad Fisica y del Deporte,Ciencias Sociales y Juridicas,Facultad de Ciencias del Deporte,Cartuja,29.000.562
Odontologia,Ciencias de la Salud,Facultad de Odontologia,Cartuja,25.619.271
Criminologia,Ciencias Sociales y Juridicas,Facultad de Derecho,Centro,51.718.656
Criminologia,Ciencias Sociales y Juridicas,Facultad de Derecho,Centro,06.982.732
Gestion y Administracion Publica,Ciencias Sociales y Juridicas,Facultad de Ciencias Sociales de Melilla,Melilla,11.831.160
Sociologia,Ciencias Sociales y Juridicas,Facultad de Ciencias Politicas y Sociologia,Centro,73.836.008
Lenguas Modernas y sus Literaturas,Artes y Humanidades,Facultad de Filosofia y Letras,Cartuja,14.053.521
Quimica,Ciencias,Facultad de Ciencias,Fuentenueva,45.683.938
Ingenieria Informatica y Matematicas,Ciencias,Facultad de Ciencias,Aynadamar,99.637.751
Filologia Clasica,Artes y Humanidades,Facultad de Filosofia y Letras,Cartuja,54.367.739
Criminologia,Ciencias Sociales y Juridicas,Facultad de Derecho,Centro,97.076.155
Odontologia,Ciencias de la Salud,Facultad de Odontologia,Cartuja,84.261.747
Estadistica,Ciencias,Facultad de Ciencias,Fuentenueva,07.954.875
Historia del Arte,Artes y Humanidades,Facultad de Filosofia y Letras,Cartuja,38.747.228
Medicina,Ciencias de la Salud,Facultad de Medicina,Centro,39.250.226
Fisioterapia,Ciencias de la Salud,Facultad de Ciencias de la Salud,Centro,81.274.483
Finanzas y Contabilidad,Ciencias Sociales y Juridicas,Facultad de Ciencias Economicas y Empresariales,Cartuja,25.619.271
Finanzas y Contabilidad,Ciencias Sociales y Juridicas,Facultad de Ciencias Economicas y Empresariales,Cartuja,56.489.533
Bellas Artes,Artes y Humanidades,Facultad de Bellas Artes,Aynadamar,94.869.327
Ciencia y Tecnologia de los Alimentos,Ciencias,Facultad de Farmacia,Cartuja,03.061.213
Estadistica,Ciencias,Facultad de Ciencias,Fuentenueva,10.052.422
Ciencias Politicas y de la Administracion,Ciencias Sociales y Juridicas,Facultad de Ciencias Politicas y Sociologia,Centro,75.165.179
Geografia y Gestion del Territorio,Ciencias Sociales y Juridicas,Facultad de Filosofia y Letras,Cartuja,40.611.136
Geologia,Ciencias,Facultad de Ciencias,Fuentenueva,07.329.684
Lenguas Modernas y sus Literaturas,Artes y Humanidades,Facultad de Filosofia y Letras,Cartuja,36.594.852
Biologia,Ciencias,Facultad de Ciencias,Fuentenueva,60.825.804
Traduccion e Interpretacion,Artes y Humanidades,Facultad de Traduccion e Interpretacion,Centro,29.000.562
Psicologia,Ciencias de la Salud,Facultad de Psicologia,Cartuja,69.254.346
Farmacia,Ciencias de la Salud,Facultad de Farmacia,Cartuja,36.565.068
Geografia y Gestion del Territorio,Ciencias Sociales y Juridicas,Facultad de Filosofia y Letras,Cartuja,17.825.715
Ciencias Ambientales,Ciencias,Facultad de Ciencias,Fuentenueva,67.719.616
Estadistica,Ciencias,Facultad de Ciencias,Fuentenueva,03.837.678
Marketing e Investigacion de Mercados,Ciencias Sociales y Juridicas,Facultad de Ciencias Economicas y Empresariales,Cartuja,40.611.136
Pedagogia,Ciencias Sociales y Juridicas,Facultad de Ciencias de la Educacion,Cartuja,94.869.327
Ciencia y Tecnologia de los Alimentos,Ciencias,Facultad de Farmacia,Cartuja,81.274.483
Finanzas y Contabilidad,Ciencias Sociales y Juridicas,Facultad de Ciencias Economicas y Empresariales,Cartuja,45.683.938
Turismo,Ciencias Sociales y Juridicas,Facultad de Ciencias Economicas y Empresariales,Cartuja,38.747.228
Ingenieria Quimica,Ingenieria y Arquitectura,Facultad de Ciencias,Fuentenueva,73.836.008
Trabajo Social,Ciencias Sociales y Juridicas,Facultad de Trabajo Social,Centro,67.719.616
Gestion y Administracion Publica,Ciencias Sociales y Juridicas,Facultad de Ciencias Sociales de Melilla,Melilla,75.165.179
Conservacion y Restauracion de Bienes Culturales,Artes y Humanidades,Facultad de Bellas Artes,Aynadamar,03.837.678
Historia y Ciencias de la Musica,Artes y Humanidades,Facultad de Filosofia y Letras,Cartuja,36.565.068
Ingenieria Quimica,Ingenieria y Arquitectura,Facultad de Ciencias,Fuentenueva,10.052.422
Optica y Optometria,Ciencias,Facultad de Ciencias,Fuentenueva,25.619.271
Filologia Hispanica,Artes y Humanidades,Facultad de Filosofia y Letras,Cartuja,07.329.684
Conservacion y Restauracion de Bienes Culturales,Artes y Humanidades,Facultad de Bellas Artes,Aynadamar,84.261.747
Ciencias de la Actividad Fisica y del Deporte,Ciencias Sociales y Juridicas,Facultad de Ciencias del Deporte,Cartuja,07.954.875
Psicologia,Ciencias de la Salud,Facultad de Psicologia,Cartuja,39.250.226
Farmacia,Ciencias de la Salud,Facultad de Farmacia,Cartuja,36.594.852
Derecho,Ciencias Sociales y Juridicas,Facultad de Derecho,Centro,51.718.656
Enfermeria,Ciencias de la Salud,Facultad de Ciencias de la Salud,Centro,17.825.715
Lenguas Modernas y sus Literaturas,Artes y Humanidades,Facultad de Filosofia y Letras,Cartuja,99.637.751
Fisioterapia,Ciencias de la Salud,Facultad de Ciencias de la Salud,Centro,36.565.068
Trabajo Social,Ciencias Sociales y Juridicas,Facultad de Trabajo Social,Centro,11.831.160
Historia,Artes y Humanidades,Facultad de Filosofia y Letras,Cartuja,67.719.616
Ciencias de la Actividad Fisica y del Deporte,Ciencias Sociales y Juridicas,Facultad de Ciencias del Deporte,Cartuja,25.619.271
Nutricion Humana y Dietetica,Ciencias de la Salud,Facultad de Farmacia,Cartuja,75.165.179
Fisioterapia,Ciencias de la Salud,Facultad de Ciencias de la Salud,Centro,51.718.656
Conservacion y Restauracion de Bienes Culturales,Artes y Humanidades,Facultad de Bellas Artes,Aynadamar,10.052.422
Odontologia,Ciencias de la Salud,Facultad de Odontologia,Cartuja,45.683.938
Estudios Ingleses,Artes y Humanidades,Facultad de Filosofia y Letras,Cartuja,03.061.213
Arquitectura,Ingenieria y Arquitectura,Facultad de Arquitectura,Aynadamar,29.000.562
Nutricion Humana y Dietetica,Ciencias de la Salud,Facultad de Farmacia,Cartuja,73.836.008
Traduccion e Interpretacion,Artes y Humanidades,Facultad de Traduccion e Interpretacion,Centro,17.825.715
Traduccion e Interpretacion,Artes y Humanidades,Facultad de Traduccion e Interpretacion,Centro,07.329.684
Derecho,Ciencias Sociales y Juridicas,Facultad de Derecho,Centro,06.982.732
Antropologia Social y Cultural,Ciencias Sociales y Juridicas,Facultad de Filosofia y Letras,Cartuja,94.869.327
Derecho,Ciencias Sociales y Juridicas,Facultad de Derecho,Centro,07.954.875
Historia y Ciencias de la Musica,Artes y Humanidades,Facultad de Filosofia y Letras,Cartuja,39.250.226
Finanzas y Contabilidad,Ciencias Sociales y Juridicas,Facultad de Ciencias Economicas y Empresariales,Cartuja,14.053.521
Sociologia,Ciencias Sociales y Juridicas,Facultad de Ciencias Politicas y Sociologia,Centro,40.611.136
Estadistica,Ciencias,Facultad de Ciencias,Fuentenueva,99.637.751
Biologia,Ciencias,Facultad de Ciencias,Fuentenueva,69.254.346
Geologia,Ciencias,Facultad de Ciencias,Fuentenueva,81.274.483
Fisioterapia,Ciencias de la Salud,Facultad de Ciencias de la Salud,Centro,38.747.228
Fisioterapia,Ciencias de la Salud,Facultad de Ciencias de la Salud,Centro,03.837.678
Optica y Optometria,Ciencias,Facultad de Ciencias,Fuentenueva,84.261.747
Farmacia,Ciencias de la Salud,Facultad de Farmacia,Cartuja,54.367.739
Estudios Franceses,Artes y Humanidades,Facultad de Filosofia y Letras,Cartuja,36.594.852
Filologia Clasica,Artes y Humanidades,Facultad de Filosofia y Letras,Cartuja,56.489.533
Odontologia,Ciencias de la Salud,Facultad de Odontologia,Cartuja,60.825.804
Nutricion Humana y Dietetica,Ciencias de la Salud,Facultad de Farmacia,Cartuja,97.076.155
Bioquimica,Ciencias,Facultad de Ciencias,Fuentenueva,07.954.875
Historia,Artes y Humanidades,Facultad de Filosofia y Letras,Cartuja,73.836.008
Finanzas y Contabilidad,Ciencias Sociales y Juridicas,Facultad de Ciencias Economicas y Empresariales,Cartuja,03.837.678
Enfermeria,Ciencias de la Salud,Facultad de Ciencias de la Salud,Centro,36.565.068
Informacion y Documentacion,Ciencias Sociales y Juridicas,Facultad de Comunicacion y Documentacion,Cartuja,11.831.160
Ciencias de la Actividad Fisica y del Deporte,Ciencias Sociales y Juridicas,Facultad de Ciencias del Deporte,Cartuja,25.619.271
Fisioterapia,Ciencias de la Salud,Facultad de Ciencias de la Salud,Centro,03.061.213
Estudios Ingleses,Artes y Humanidades,Facultad de Filosofia y Letras,Cartuja,45.683.938
Finanzas y Contabilidad,Ciencias Sociales y Juridicas,Facultad de Ciencias Economicas y Empresariales,Cartuja,81.274.483
Psicologia,Ciencias de la Salud,Facultad de Psicologia,Cartuja,07.329.684
Estudios Franceses,Artes y Humanidades,Facultad de Filosofia y Letras,Cartuja,10.052.422
Ingenieria Informatica y Matematicas,Ciencias,Facultad de Ciencias,Aynadamar,75.165.179
Arquitectura,Ingenieria y Arquitectura,Facultad de Arquitectura,Aynadamar,38.747.228
Comunicacion Audiovisual,Ciencias Sociales y Juridicas,Facultad de Comunicacion y Documentacion,Cartuja,60.825.804
Historia,Artes y Humanidades,Facultad de Filosofia y Letras,Cartuja,97.076.155
Historia,Artes y Humanidades,Facultad de Filosofia y Letras,Cartuja,56.489.533
Finanzas y Contabilidad,Ciencias Sociales y Juridicas,Facultad de Ciencias Economicas y Empresariales,Cartuja,40.611.136
Sociologia,Ciencias Sociales y Juridicas,Facultad de Ciencias Politicas y Sociologia,Centro,69.254.346
Traduccion e Interpretacion,Artes y Humanidades,Facultad de Traduccion e Interpretacion,Centro,84.261.747
Comunicacion Audiovisual,Ciencias Sociales y Juridicas,Facultad de Comunicacion y Documentacion,Cartuja,67.719.616
Quimica,Ciencias,Facultad de Ciencias,Fuentenueva,38.747.228
Turismo,Ciencias Sociales y Juridicas,Facultad de Ciencias Economicas y Empresariales,Cartuja,29.000.562
Enfermeria,Ciencias de la Salud,Facultad de Ciencias de la Salud,Centro,36.565.068
Historia del Arte,Artes y Humanidades,Facultad de Filosofia y Letras,Cartuja,25.619.271
Arquitectura,Ingenieria y Arquitectura,Facultad de Arquitectura,Aynadamar,36.594.852
Bioquimica,Ciencias,Facultad de Ciencias,Fuentenueva,14.053.521
Filosofia,Artes y Humanidades,Facultad de Filosofia y Letras,Cartuja,81.274.483
Literaturas Comparadas,Artes y Humanidades,Facultad de Filosofia y Letras,Cartuja,94.869.327
Medicina,Ciencias de la Salud,Facultad de Medicina,Centro,73.836.008
Informacion y Documentacion,Ciencias Sociales y Juridicas,Facultad de Comunicacion y Documentacion,Cartuja,06.982.732
Matematicas,Ciencias,Facultad de Ciencias,Fuentenueva,11.831.160
Ciencias Politicas y de la Administracion,Ciencias Sociales y Juridicas,Facultad de Ciencias Politicas y Sociologia,Centro,03.061.213
Antropologia Social y Cultural,Ciencias Sociales y Juridicas,Facultad de Filosofia y Letras,Cartuja,54.367.739
Estudios Ingleses,Artes y Humanidades,Facultad de Filosofia y Letras,Cartuja,40.611.136
Marketing e Investigacion de Mercados,Ciencias Sociales y Juridicas,Facultad de Ciencias Economicas y Empresariales,Cartuja,67.719.616
Geografia y Gestion del Territorio,Ciencias Sociales y Juridicas,Facultad de Filosofia y Letras,Cartuja,99.637.751
Comunicacion Audiovisual,Ciencias Sociales y Juridicas,Facultad de Comunicacion y Documentacion,Cartuja,60.825.804
Derecho,Ciencias Sociales y Juridicas,Facultad de Derecho,Centro,45.683.938
Geografia y Gestion del Territorio,Ciencias Sociales y Juridicas,Facultad de Filosofia y Letras,Cartuja,56.489.533
Geografia y Gestion del Territorio,Ciencias Sociales y Juridicas,Facultad de Filosofia y Letras,Cartuja,07.329.684
Filologia Hispanica,Artes y Humanidades,Facultad de Filosofia y Letras,Cartuja,84.261.747
Pedagogia,Ciencias Sociales y Juridicas,Facultad de Ciencias de la Educacion,Cartuja,75.165.179
Finanzas y Contabilidad,Ciencias Sociales y Juridicas,Facultad de Ciencias Economicas y Empresariales,Cartuja,51.718.656
Literaturas Comparadas,Artes y Humanidades,Facultad de Filosofia y Letras,Cartuja,03.837.678
Estudios arabes e Islamicos,Artes y Humanidades,Facultad de Filosofia y Letras,Cartuja,69.254.346
Psicologia,Ciencias de la Salud,Facultad de Psicologia,Cartuja,17.825.715
Estadistica,Ciencias,Facultad de Ciencias,Fuentenueva,07.954.875
Finanzas y Contabilidad,Ciencias Sociales y Juridicas,Facultad de Ciencias Economicas y Empresariales,Cartuja,97.076.155
Conservacion y Restauracion de Bienes Culturales,Artes y Humanidades,Facultad de Bellas Artes,Aynadamar,39.250.226
Ingenieria Electronica Industrial,Ingenieria y Arquitectura,Facultad de Ciencias,Fuentenueva,10.052.422
Traduccion e Interpretacion,Artes y Humanidades,Facultad de Traduccion e Interpretacion,Centro,11.831.160
Farmacia,Ciencias de la Salud,Facultad de Farmacia,Cartuja,07.329.684
Terapia Ocupacional,Ciencias de la Salud,Facultad de Ciencias de la Salud,Centro,56.489.533
Odontologia,Ciencias de la Salud,Facultad de Odontologia,Cartuja,39.250.226
Comunicacion Audiovisual,Ciencias Sociales y Juridicas,Facultad de Comunicacion y Documentacion,Cartuja,94.869.327
Ingenieria Quimica,Ingenieria y Arquitectura,Facultad de Ciencias,Fuentenueva,81.274.483
Trabajo Social,Ciencias Sociales y Juridicas,Facultad de Trabajo Social,Centro,17.825.715
Historia y Ciencias de la Musica,Artes y Humanidades,Facultad de Filosofia y Letras,Cartuja,29.000.562
Trabajo Social,Ciencias Sociales y Juridicas,Facultad de Trabajo Social,Centro,14.053.521
Ingenieria Quimica,Ingenieria y Arquitectura,Facultad de Ciencias,Fuentenueva,03.061.213
Fisioterapia,Ciencias de la Salud,Facultad de Ciencias de la Salud,Centro,51.718.656
Estudios arabes e Islamicos,Artes y Humanidades,Facultad de Filosofia y Letras,Cartuja,99.637.751
Fisioterapia,Ciencias de la Salud,Facultad de Ciencias de la Salud,Centro,97.076.155
Historia,Artes y Humanidades,Facultad de Filosofia y Letras,Cartuja,25.619.271
Historia,Artes y Humanidades,Facultad de Filosofia y Letras,Cartuja,36.594.852
Ciencias de la Actividad Fisica y del Deporte,Ciencias Sociales y Juridicas,Facultad de Ciencias del Deporte,Cartuja,03.837.678
Terapia Ocupacional,Ciencias de la Salud,Facultad de Ciencias de la Salud,Centro,69.254.346
Finanzas y Contabilidad,Ciencias Sociales y Juridicas,Facultad de Ciencias Economicas y Empresariales,Cartuja,67.719.616
Historia,Artes y Humanidades,Facultad de Filosofia y Letras,Cartuja,75.165.179
Ciencias Ambientales,Ciencias,Facultad de Ciencias,Fuentenueva,36.565.068
Estadistica,Ciencias,Facultad de Ciencias,Fuentenueva,51.718.656
Ciencias Politicas y de la Administracion,Ciencias Sociales y Juridicas,Facultad de Ciencias Politicas y Sociologia,Centro,38.747.228
Geologia,Ciencias,Facultad de Ciencias,Fuentenueva,29.000.562
Pedagogia,Ciencias Sociales y Juridicas,Facultad de Ciencias de la Educacion,Cartuja,39.250.226
Filologia Hispanica,Artes y Humanidades,Facultad de Filosofia y Letras,Cartuja,07.954.875
Derecho,Ciencias Sociales y Juridicas,Facultad de Derecho,Centro,36.565.068
Optica y Optometria,Ciencias,Facultad de Ciencias,Fuentenueva,10.052.422
Lenguas Modernas y sus Literaturas,Artes y Humanidades,Facultad de Filosofia y Letras,Cartuja,45.683.938
Fisioterapia,Ciencias de la Salud,Facultad de Ciencias de la Salud,Centro,54.367.739
Ciencia y Tecnologia de los Alimentos,Ciencias,Facultad de Farmacia,Cartuja,11.831.160
Comunicacion Audiovisual,Ciencias Sociales y Juridicas,Facultad de Comunicacion y Documentacion,Cartuja,17.825.715
Matematicas,Ciencias,Facultad de Ciencias,Fuentenueva,06.982.732
Turismo,Ciencias Sociales y Juridicas,Facultad de Ciencias Economicas y Empresariales,Cartuja,84.261.747
Bioquimica,Ciencias,Facultad de Ciencias,Fuentenueva,67.719.616
Biologia,Ciencias,Facultad de Ciencias,Fuentenueva,03.061.213
Fisioterapia,Ciencias de la Salud,Facultad de Ciencias de la Salud,Centro,36.594.852
Odontologia,Ciencias de la Salud,Facultad de Odontologia,Cartuja,03.837.678
Pedagogia,Ciencias Sociales y Juridicas,Facultad de Ciencias de la Educacion,Cartuja,60.825.804
Trabajo Social,Ciencias Sociales y Juridicas,Facultad de Trabajo Social,Centro,97.076.155
Matematicas,Ciencias,Facultad de Ciencias,Fuentenueva,81.274.483
Gestion y Administracion Publica,Ciencias Sociales y Juridicas,Facultad de Ciencias Sociales de Melilla,Melilla,99.637.751
Filosofia,Artes y Humanidades,Facultad de Filosofia y Letras,Cartuja,40.611.136
Odontologia,Ciencias de la Salud,Facultad de Odontologia,Cartuja,56.489.533
Ciencia y Tecnologia de los Alimentos,Ciencias,Facultad de Farmacia,Cartuja,75.165.179
Biologia,Ciencias,Facultad de Ciencias,Fuentenueva,73.836.008
Fisioterapia,Ciencias de la Salud,Facultad de Ciencias de la Salud,Centro,07.329.684
Arqueologia,Artes y Humanidades,Facultad de Filosofia y Letras,Cartuja,25.619.271
Economia,Ciencias Sociales y Juridicas,Facultad de Ciencias Economicas y Empresariales,Cartuja,69.254.346
Gestion y Administracion Publica,Ciencias Sociales y Juridicas,Facultad de Ciencias Sociales de Melilla,Melilla,94.869.327
Conservacion y Restauracion de Bienes Culturales,Artes y Humanidades,Facultad de Bellas Artes,Aynadamar,14.053.521
Terapia Ocupacional,Ciencias de la Salud,Facultad de Ciencias de la Salud,Centro,84.261.747
Antropologia Social y Cultural,Ciencias Sociales y Juridicas,Facultad de Filosofia y Letras,Cartuja,40.611.136
Farmacia,Ciencias de la Salud,Facultad de Farmacia,Cartuja,69.254.346
Terapia Ocupacional,Ciencias de la Salud,Facultad de Ciencias de la Salud,Centro,60.825.804
Historia del Arte,Artes y Humanidades,Facultad de Filosofia y Letras,Cartuja,25.619.271
Arquitectura,Ingenieria y Arquitectura,Facultad de Arquitectura,Aynadamar,94.869.327
Comunicacion Audiovisual,Ciencias Sociales y Juridicas,Facultad de Comunicacion y Documentacion,Cartuja,36.565.068
Estudios Franceses,Artes y Humanidades,Facultad de Filosofia y Letras,Cartuja,03.837.678
Arquitectura,Ingenieria y Arquitectura,Facultad de Arquitectura,Aynadamar,75.165.179
Finanzas y Contabilidad,Ciencias Sociales y Juridicas,Facultad de Ciencias Economicas y Empresariales,Cartuja,07.329.684
Criminologia,Ciencias Sociales y Juridicas,Facultad de Derecho,Centro,14.053.521
Fisioterapia,Ciencias de la Salud,Facultad de Ciencias de la Salud,Centro,99.637.751
Filologia Clasica,Artes y Humanidades,Facultad de Filosofia y Letras,Cartuja,56.489.533
Optica y Optometria,Ciencias,Facultad de Ciencias,Fuentenueva,81.274.483
Psicologia,Ciencias de la Salud,Facultad de Psicologia,Cartuja,03.061.213
Informacion y Documentacion,Ciencias Sociales y Juridicas,Facultad de Comunicacion y Documentacion,Cartuja,36.594.852
Derecho,Ciencias Sociales y Juridicas,Facultad de Derecho,Centro,38.747.228
Biologia,Ciencias,Facultad de Ciencias,Fuentenueva,39.250.226
Ciencias Politicas y de la Administracion,Ciencias Sociales y Juridicas,Facultad de Ciencias Politicas y Sociologia,Centro,54.367.739
Terapia Ocupacional,Ciencias de la Salud,Facultad de Ciencias de la Salud,Centro,17.825.715
Derecho,Ciencias Sociales y Juridicas,Facultad de Derecho,Centro,81.274.483
Terapia Ocupacional,Ciencias de la Salud,Facultad de Ciencias de la Salud,Centro,11.831.160
Arquitectura,Ingenieria y Arquitectura,Facultad de Arquitectura,Aynadamar,56.489.533
Ingenieria Informatica y Matematicas,Ciencias,Facultad de Ciencias,Aynadamar,84.261.747
Geografia y Gestion del Territorio,Ciencias Sociales y Juridicas,Facultad de Filosofia y Letras,Cartuja,73.836.008
Gestion y Administracion Publica,Ciencias Sociales y Juridicas,Facultad de Ciencias Sociales de Melilla,Melilla,94.869.327
Estudios Franceses,Artes y Humanidades,Facultad de Filosofia y Letras,Cartuja,14.053.521
Arqueologia,Artes y Humanidades,Facultad de Filosofia y Letras,Cartuja,07.329.684
Arqueologia,Artes y Humanidades,Facultad de Filosofia y Letras,Cartuja,03.061.213
Bellas Artes,Artes y Humanidades,Facultad de Bellas Artes,Aynadamar,67.719.616
Traduccion e Interpretacion,Artes y Humanidades,Facultad de Traduccion e Interpretacion,Centro,17.825.715
Fisioterapia,Ciencias de la Salud,Facultad de Ciencias de la Salud,Centro,06.982.732
Matematicas,Ciencias,Facultad de Ciencias,Fuentenueva,97.076.155
Ciencias Politicas y de la Administracion,Ciencias Sociales y Juridicas,Facultad de Ciencias Politicas y Sociologia,Centro,36.594.852
Logopedia,Ciencias de la Salud,Facultad de Psicologia,Cartuja,36.565.068
Quimica,Ciencias,Facultad de Ciencias,Fuentenueva,03.837.678
Conservacion y Restauracion de Bienes Culturales,Artes y Humanidades,Facultad de Bellas Artes,Aynadamar,07.954.875
Quimica,Ciencias,Facultad de Ciencias,Fuentenueva,99.637.751
Biologia,Ciencias,Facultad de Ciencias,Fuentenueva,54.367.739
Fisioterapia,Ciencias de la Salud,Facultad de Ciencias de la Salud,Centro,51.718.656
Criminologia,Ciencias Sociales y Juridicas,Facultad de Derecho,Centro,29.000.562
Farmacia,Ciencias de la Salud,Facultad de Farmacia,Cartuja,45.683.938
Estudios Franceses,Artes y Humanidades,Facultad de Filosofia y Letras,Cartuja,10.052.422
Arqueologia,Artes y Humanidades,Facultad de Filosofia y Letras,Cartuja,69.254.346
Marketing e Investigacion de Mercados,Ciencias Sociales y Juridicas,Facultad de Ciencias Economicas y Empresariales,Cartuja,39.250.226
Relaciones Laborales y Recursos Humanos,Ciencias Sociales y Juridicas,Facultad de Ciencias del Trabajo,Centro,75.165.179
Marketing e Investigacion de Mercados,Ciencias Sociales y Juridicas,Facultad de Ciencias Economicas y Empresariales,Cartuja,25.619.271
Bioquimica,Ciencias,Facultad de Ciencias,Fuentenueva,60.825.804
Pedagogia,Ciencias Sociales y Juridicas,Facultad de Ciencias de la Educacion,Cartuja,38.747.228
Fisioterapia,Ciencias de la Salud,Facultad de Ciencias de la Salud,Centro,40.611.136
Estudios arabes e Islamicos,Artes y Humanidades,Facultad de Filosofia y Letras,Cartuja,14.053.521
Turismo,Ciencias Sociales y Juridicas,Facultad de Ciencias Economicas y Empresariales,Cartuja,07.329.684
Ingenieria Electronica Industrial,Ingenieria y Arquitectura,Facultad de Ciencias,Fuentenueva,67.719.616
Arqueologia,Artes y Humanidades,Facultad de Filosofia y Letras,Cartuja,40.611.136
Marketing e Investigacion de Mercados,Ciencias Sociales y Juridicas,Facultad de Ciencias Economicas y Empresariales,Cartuja,99.637.751
Filologia Clasica,Artes y Humanidades,Facultad de Filosofia y Letras,Cartuja,45.683.938
Ingenieria Informatica y Matematicas,Ciencias,Facultad de Ciencias,Aynadamar,36.565.068
Filologia Clasica,Artes y Humanidades,Facultad de Filosofia y Letras,Cartuja,94.869.327
Arquitectura,Ingenieria y Arquitectura,Facultad de Arquitectura,Aynadamar,51.718.656
Lenguas Modernas y sus Literaturas,Artes y Humanidades,Facultad de Filosofia y Letras,Cartuja,81.274.483
Farmacia,Ciencias de la Salud,Facultad de Farmacia,Cartuja,25.619.271
Optica y Optometria,Ciencias,Facultad de Ciencias,Fuentenueva,03.837.678
Marketing e Investigacion de Mercados,Ciencias Sociales y Juridicas,Facultad de Ciencias Economicas y Empresariales,Cartuja,84.261.747
Arquitectura,Ingenieria y Arquitectura,Facultad de Arquitectura,Aynadamar,60.825.804
Ciencias Politicas y de la Administracion,Ciencias Sociales y Juridicas,Facultad de Ciencias Politicas y Sociologia,Centro,29.000.562
Finanzas y Contabilidad,Ciencias Sociales y Juridicas,Facultad de Ciencias Economicas y Empresariales,Cartuja,97.076.155
Ingenieria Electronica Industrial,Ingenieria y Arquitectura,Facultad de Ciencias,Fuentenueva,03.061.213
Estadistica,Ciencias,Facultad de Ciencias,Fuentenueva,10.052.422
Lenguas Modernas y sus Literaturas,Artes y Humanidades,Facultad de Filosofia y Letras,Cartuja,36.594.852
Filologia Clasica,Artes y Humanidades,Facultad de Filosofia y Letras,Cartuja,06.982.732
Ingenieria Electronica Industrial,Ingenieria y Arquitectura,Facultad de Ciencias,Fuentenueva,07.954.875
Estudios arabes e Islamicos,Artes y Humanidades,Facultad de Filosofia y Letras,Cartuja,84.261.747
Ciencias de la Actividad Fisica y del Deporte,Ciencias Sociales y Juridicas,Facultad de Ciencias del Deporte,Cartuja,39.250.226
Criminologia,Ciencias Sociales y Juridicas,Facultad de Derecho,Centro,97.076.155
Relaciones Laborales y Recursos Humanos,Ciencias Sociales y Juridicas,Facultad de Ciencias del Trabajo,Centro,81.274.483
Ingenieria Electronica Industrial,Ingenieria y Arquitectura,Facultad de Ciencias,Fuentenueva,10.052.422
Ciencias de la Actividad Fisica y del Deporte,Ciencias Sociales y Juridicas,Facultad de Ciencias del Deporte,Cartuja,11.831.160
Economia,Ciencias Sociales y Juridicas,Facultad de Ciencias Economicas y Empresariales,Cartuja,73.836.008
Sociologia,Ciencias Sociales y Juridicas,Facultad de Ciencias Politicas y Sociologia,Centro,69.254.346
Medicina,Ciencias de la Salud,Facultad de Medicina,Centro,38.747.228
Ciencias Ambientales,Ciencias,Facultad de Ciencias,Fuentenueva,45.683.938
Estudios arabes e Islamicos,Artes y Humanidades,Facultad de Filosofia y Letras,Cartuja,06.982.732
Conservacion y Restauracion de Bienes Culturales,Artes y Humanidades,Facultad de Bellas Artes,Aynadamar,99.637.751
Sociologia,Ciencias Sociales y Juridicas,Facultad de Ciencias Politicas y Sociologia,Centro,14.053.521
Literaturas Comparadas,Artes y Humanidades,Facultad de Filosofia y Letras,Cartuja,36.565.068
Turismo,Ciencias Sociales y Juridicas,Facultad de Ciencias Economicas y Empresariales,Cartuja,67.719.616
Literaturas Comparadas,Artes y Humanidades,Facultad de Filosofia y Letras,Cartuja,03.837.678
Estudios Franceses,Artes y Humanidades,Facultad de Filosofia y Letras,Cartuja,17.825.715
Conservacion y Restauracion de Bienes Culturales,Artes y Humanidades,Facultad de Bellas Artes,Aynadamar,40.611.136
Conservacion y Restauracion de Bienes Culturales,Artes y Humanidades,Facultad de Bellas Artes,Aynadamar,03.061.213
Derecho,Ciencias Sociales y Juridicas,Facultad de Derecho,Centro,75.165.179
Derecho,Ciencias Sociales y Juridicas,Facultad de Derecho,Centro,36.594.852
Ingenieria Quimica,Ingenieria y Arquitectura,Facultad de Ciencias,Fuentenueva,56.489.533
Sociologia,Ciencias Sociales y Juridicas,Facultad de Ciencias Politicas y Sociologia,Centro,54.367.739
Trabajo Social,Ciencias Sociales y Juridicas,Facultad de Trabajo Social,Centro,25.619.271
Estudios arabes e Islamicos,Artes y Humanidades,Facultad de Filosofia y Letras,Cartuja,51.718.656
Derecho,Ciencias Sociales y Juridicas,Facultad de Derecho,Centro,94.869.327
Ciencias Politicas y de la Administracion,Ciencias Sociales y Juridicas,Facultad de Ciencias Politicas y Sociologia,Centro,07.329.684
Criminologia,Ciencias Sociales y Juridicas,Facultad de Derecho,Centro,60.825.804
Estudios Franceses,Artes y Humanidades,Facultad de Filosofia y Letras,Cartuja,29.000.562
Gestion y Administracion Publica,Ciencias Sociales y Juridicas,Facultad de Ciencias Sociales de Melilla,Melilla,94.869.327
Geografia y Gestion del Territorio,Ciencias Sociales y Juridicas,Facultad de Filosofia y Letras,Cartuja,56.489.533
Informacion y Documentacion,Ciencias Sociales y Juridicas,Facultad de Comunicacion y Documentacion,Cartuja,10.052.422
Arquitectura,Ingenieria y Arquitectura,Facultad de Arquitectura,Aynadamar,14.053.521
Lenguas Modernas y sus Literaturas,Artes y Humanidades,Facultad de Filosofia y Letras,Cartuja,45.683.938
Logopedia,Ciencias de la Salud,Facultad de Psicologia,Cartuja,75.165.179
Turismo,Ciencias Sociales y Juridicas,Facultad de Ciencias Economicas y Empresariales,Cartuja,07.329.684
Estudios Franceses,Artes y Humanidades,Facultad de Filosofia y Letras,Cartuja,51.718.656
Estudios Ingleses,Artes y Humanidades,Facultad de Filosofia y Letras,Cartuja,36.594.852
Fisioterapia,Ciencias de la Salud,Facultad de Ciencias de la Salud,Centro,03.837.678
Finanzas y Contabilidad,Ciencias Sociales y Juridicas,Facultad de Ciencias Economicas y Empresariales,Cartuja,17.825.715
Enfermeria,Ciencias de la Salud,Facultad de Ciencias de la Salud,Centro,60.825.804
Sociologia,Ciencias Sociales y Juridicas,Facultad de Ciencias Politicas y Sociologia,Centro,29.000.562
Historia del Arte,Artes y Humanidades,Facultad de Filosofia y Letras,Cartuja,07.954.875
Literaturas Comparadas,Artes y Humanidades,Facultad de Filosofia y Letras,Cartuja,36.565.068
Nutricion Humana y Dietetica,Ciencias de la Salud,Facultad de Farmacia,Cartuja,03.061.213
Medicina,Ciencias de la Salud,Facultad de Medicina,Centro,69.254.346
Arqueologia,Artes y Humanidades,Facultad de Filosofia y Letras,Cartuja,84.261.747
Geologia,Ciencias,Facultad de Ciencias,Fuentenueva,11.831.160
Psicologia,Ciencias de la Salud,Facultad de Psicologia,Cartuja,54.367.739
Filosofia,Artes y Humanidades,Facultad de Filosofia y Letras,Cartuja,51.718.656
Historia y Ciencias de la Musica,Artes y Humanidades,Facultad de Filosofia y Letras,Cartuja,38.747.228
Estadistica,Ciencias,Facultad de Ciencias,Fuentenueva,03.837.678
Estudios Ingleses,Artes y Humanidades,Facultad de Filosofia y Letras,Cartuja,69.254.346
Finanzas y Contabilidad,Ciencias Sociales y Juridicas,Facultad de Ciencias Economicas y Empresariales,Cartuja,60.825.804
Biologia,Ciencias,Facultad de Ciencias,Fuentenueva,07.329.684
Bellas Artes,Artes y Humanidades,Facultad de Bellas Artes,Aynadamar,94.869.327
Historia,Artes y Humanidades,Facultad de Filosofia y Letras,Cartuja,03.061.213
Filologia Hispanica,Artes y Humanidades,Facultad de Filosofia y Letras,Cartuja,67.719.616
Nutricion Humana y Dietetica,Ciencias de la Salud,Facultad de Farmacia,Cartuja,11.831.160
Relaciones Laborales y Recursos Humanos,Ciencias Sociales y Juridicas,Facultad de Ciencias del Trabajo,Centro,36.565.068
Estudios Ingleses,Artes y Humanidades,Facultad de Filosofia y Letras,Cartuja,25.619.271
Ingenieria Informatica y Matematicas,Ciencias,Facultad de Ciencias,Aynadamar,06.982.732
Derecho,Ciencias Sociales y Juridicas,Facultad de Derecho,Centro,56.489.533
Traduccion e Interpretacion,Artes y Humanidades,Facultad de Traduccion e Interpretacion,Centro,39.250.226
Biologia,Ciencias,Facultad de Ciencias,Fuentenueva,40.611.136
Bellas Artes,Artes y Humanidades,Facultad de Bellas Artes,Aynadamar,29.000.562
Estudios Ingleses,Artes y Humanidades,Facultad de Filosofia y Letras,Cartuja,84.261.747
Geologia,Ciencias,Facultad de Ciencias,Fuentenueva,07.954.875
Biologia,Ciencias,Facultad de Ciencias,Fuentenueva,14.053.521
Ciencias Politicas y de la Administracion,Ciencias Sociales y Juridicas,Facultad de Ciencias Politicas y Sociologia,Centro,54.367.739
Ciencias Ambientales,Ciencias,Facultad de Ciencias,Fuentenueva,81.274.483
Ciencias Ambientales,Ciencias,Facultad de Ciencias,Fuentenueva,17.825.715
Fisioterapia,Ciencias de la Salud,Facultad de Ciencias de la Salud,Centro,75.165.179
Historia del Arte,Artes y Humanidades,Facultad de Filosofia y Letras,Cartuja,99.637.751
Odontologia,Ciencias de la Salud,Facultad de Odontologia,Cartuja,97.076.155
Traduccion e Interpretacion,Artes y Humanidades,Facultad de Traduccion e Interpretacion,Centro,45.683.938
Economia,Ciencias Sociales y Juridicas,Facultad de Ciencias Economicas y Empresariales,Cartuja,10.052.422
Traduccion e Interpretacion,Artes y Humanidades,Facultad de Traduccion e Interpretacion,Centro,36.594.852
Marketing e Investigacion de Mercados,Ciencias Sociales y Juridicas,Facultad de Ciencias Economicas y Empresariales,Cartuja,73.836.008
Odontologia,Ciencias de la Salud,Facultad de Odontologia,Cartuja,07.954.875
Ingenieria Informatica y Matematicas,Ciencias,Facultad de Ciencias,Aynadamar,29.000.562
Arqueologia,Artes y Humanidades,Facultad de Filosofia y Letras,Cartuja,03.061.213
Lenguas Modernas y sus Literaturas,Artes y Humanidades,Facultad de Filosofia y Letras,Cartuja,67.719.616
Antropologia Social y Cultural,Ciencias Sociales y Juridicas,Facultad de Filosofia y Letras,Cartuja,97.076.155
Biologia,Ciencias,Facultad de Ciencias,Fuentenueva,36.594.852
Derecho,Ciencias Sociales y Juridicas,Facultad de Derecho,Centro,07.329.684
Informacion y Documentacion,Ciencias Sociales y Juridicas,Facultad de Comunicacion y Documentacion,Cartuja,69.254.346
Estudios Franceses,Artes y Humanidades,Facultad de Filosofia y Letras,Cartuja,40.611.136
Finanzas y Contabilidad,Ciencias Sociales y Juridicas,Facultad de Ciencias Economicas y Empresariales,Cartuja,75.165.179
Marketing e Investigacion de Mercados,Ciencias Sociales y Juridicas,Facultad de Ciencias Economicas y Empresariales,Cartuja,99.637.751
Odontologia,Ciencias de la Salud,Facultad de Odontologia,Cartuja,84.261.747
Literaturas Comparadas,Artes y Humanidades,Facultad de Filosofia y Letras,Cartuja,54.367.739
Geologia,Ciencias,Facultad de Ciencias,Fuentenueva,36.565.068
Criminologia,Ciencias Sociales y Juridicas,Facultad de Derecho,Centro,11.831.160
Marketing e Investigacion de Mercados,Ciencias Sociales y Juridicas,Facultad de Ciencias Economicas y Empresariales,Cartuja,45.683.938
Geografia y Gestion del Territorio,Ciencias Sociales y Juridicas,Facultad de Filosofia y Letras,Cartuja,94.869.327
Antropologia Social y Cultural,Ciencias Sociales y Juridicas,Facultad de Filosofia y Letras,Cartuja,03.837.678
Historia del Arte,Artes y Humanidades,Facultad de Filosofia y Letras,Cartuja,10.052.422
Ciencias Ambientales,Ciencias,Facultad de Ciencias,Fuentenueva,38.747.228
Bioquimica,Ciencias,Facultad de Ciencias,Fuentenueva,10.052.422
Ciencias Ambientales,Ciencias,Facultad de Ciencias,Fuentenueva,75.165.179
Criminologia,Ciencias Sociales y Juridicas,Facultad de Derecho,Centro,25.619.271
Comunicacion Audiovisual,Ciencias Sociales y Juridicas,Facultad de Comunicacion y Documentacion,Cartuja,07.329.684
Derecho,Ciencias Sociales y Juridicas,Facultad de Derecho,Centro,36.594.852
Sociologia,Ciencias Sociales y Juridicas,Facultad de Ciencias Politicas y Sociologia,Centro,97.076.155
Trabajo Social,Ciencias Sociales y Juridicas,Facultad de Trabajo Social,Centro,11.831.160
Odontologia,Ciencias de la Salud,Facultad de Odontologia,Cartuja,69.254.346
Sociologia,Ciencias Sociales y Juridicas,Facultad de Ciencias Politicas y Sociologia,Centro,67.719.616
Derecho,Ciencias Sociales y Juridicas,Facultad de Derecho,Centro,07.954.875
Farmacia,Ciencias de la Salud,Facultad de Farmacia,Cartuja,60.825.804
Geologia,Ciencias,Facultad de Ciencias,Fuentenueva,06.982.732
Medicina,Ciencias de la Salud,Facultad de Medicina,Centro,38.747.228
Medicina,Ciencias de la Salud,Facultad de Medicina,Centro,36.565.068
Economia,Ciencias Sociales y Juridicas,Facultad de Ciencias Economicas y Empresariales,Cartuja,94.869.327
Medicina,Ciencias de la Salud,Facultad de Medicina,Centro,81.274.483
Pedagogia,Ciencias Sociales y Juridicas,Facultad de Ciencias de la Educacion,Cartuja,03.837.678
Filologia Clasica,Artes y Humanidades,Facultad de Filosofia y Letras,Cartuja,17.825.715
Odontologia,Ciencias de la Salud,Facultad de Odontologia,Cartuja,03.061.213
Marketing e Investigacion de Mercados,Ciencias Sociales y Juridicas,Facultad de Ciencias Economicas y Empresariales,Cartuja,73.836.008
Geografia y Gestion del Territorio,Ciencias Sociales y Juridicas,Facultad de Filosofia y Letras,Cartuja,14.053.521
Terapia Ocupacional,Ciencias de la Salud,Facultad de Ciencias de la Salud,Centro,99.637.751
Geologia,Ciencias,Facultad de Ciencias,Fuentenueva,39.250.226
Estadistica,Ciencias,Facultad de Ciencias,Fuentenueva,84.261.747
Informacion y Documentacion,Ciencias Sociales y Juridicas,Facultad de Comunicacion y Documentacion,Cartuja,40.611.136
Enfermeria,Ciencias de la Salud,Facultad de Ciencias de la Salud,Centro,51.718.656
Ciencias Politicas y de la Administracion,Ciencias Sociales y Juridicas,Facultad de Ciencias Politicas y Sociologia,Centro,54.367.739
Literaturas Comparadas,Artes y Humanidades,Facultad de Filosofia y Letras,Cartuja,56.489.533
Geografia y Gestion del Territorio,Ciencias Sociales y Juridicas,Facultad de Filosofia y Letras,Cartuja,45.683.938
Marketing e Investigacion de Mercados,Ciencias Sociales y Juridicas,Facultad de Ciencias Economicas y Empresariales,Cartuja,29.000.562
Gestion y Administracion Publica,Ciencias Sociales y Juridicas,Facultad de Ciencias Sociales de Melilla,Melilla,03.061.213
Farmacia,Ciencias de la Salud,Facultad de Farmacia,Cartuja,36.594.852
Conservacion y Restauracion de Bienes Culturales,Artes y Humanidades,Facultad de Bellas Artes,Aynadamar,54.367.739
Comunicacion Audiovisual,Ciencias Sociales y Juridicas,Facultad de Comunicacion y Documentacion,Cartuja,14.053.521
Economia,Ciencias Sociales y Juridicas,Facultad de Ciencias Economicas y Empresariales,Cartuja,73.836.008
Psicologia,Ciencias de la Salud,Facultad de Psicologia,Cartuja,25.619.271
Arqueologia,Artes y Humanidades,Facultad de Filosofia y Letras,Cartuja,97.076.155
Ciencias Ambientales,Ciencias,Facultad de Ciencias,Fuentenueva,75.165.179
Bioquimica,Ciencias,Facultad de Ciencias,Fuentenueva,40.611.136
Historia del Arte,Artes y Humanidades,Facultad de Filosofia y Letras,Cartuja,94.869.327
Informacion y Documentacion,Ciencias Sociales y Juridicas,Facultad de Comunicacion y Documentacion,Cartuja,11.831.160
Filologia Hispanica,Artes y Humanidades,Facultad de Filosofia y Letras,Cartuja,51.718.656
Historia,Artes y Humanidades,Facultad de Filosofia y Letras,Cartuja,84.261.747
Ingenieria Informatica y Matematicas,Ciencias,Facultad de Ciencias,Aynadamar,67.719.616
Marketing e Investigacion de Mercados,Ciencias Sociales y Juridicas,Facultad de Ciencias Economicas y Empresariales,Cartuja,39.250.226
Lenguas Modernas y sus Literaturas,Artes y Humanidades,Facultad de Filosofia y Letras,Cartuja,07.329.684
Economia,Ciencias Sociales y Juridicas,Facultad de Ciencias Economicas y Empresariales,Cartuja,06.982.732
Finanzas y Contabilidad,Ciencias Sociales y Juridicas,Facultad de Ciencias Economicas y Empresariales,Cartuja,99.637.751
Biologia,Ciencias,Facultad de Ciencias,Fuentenueva,69.254.346
Logopedia,Ciencias de la Salud,Facultad de Psicologia,Cartuja,60.825.804
